Year,Round,W_Seed,W_Team,W_Score,L_Seed,L_Team,L_Score,OT
2000,First Round (Round of 64),1,Duke,82,16,Lamar,55,0
2000,First Round (Round of 64),8,Kansas,81,9,DePaul,77,0
2000,First Round (Round of 64),5,Florida,69,12,Butler,68,0
2000,First Round (Round of 64),4,Illinois,68,13,Penn,58,0
2000,First Round (Round of 64),11,Pepperdine,77,6,Indiana,57,0
2000,First Round (Round of 64),3,Oklahoma State,86,14,Hofstra,66,0
2000,First Round (Round of 64),10,Seton Hall,72,7,Oregon,71,0
2000,First Round (Round of 64),2,Temple,73,15,Lafayette,47,0
2000,First Round (Round of 64),1,Michigan State,65,16,Valparaiso,38,0
2000,First Round (Round of 64),8,Utah,48,9,Saint Louis,45,0
2000,First Round (Round of 64),5,Kentucky,85,12,St. Bonaventure,80,0
2000,First Round (Round of 64),4,Syracuse,79,13,Samford,65,0
2000,First Round (Round of 64),6,UCLA,65,11,Ball State,57,0
2000,First Round (Round of 64),3,Maryland,74,14,Iona,59,0
2000,First Round (Round of 64),7,Auburn,72,10,Creighton,69,0
2000,First Round (Round of 64),2,Iowa State,88,15,Central Connecticut State,78,0
2000,First Round (Round of 64),1,Stanford,84,16,South Carolina State,65,0
2000,First Round (Round of 64),8,North Carolina,84,9,Missouri,70,0
2000,First Round (Round of 64),5,UConn,75,12,Utah State,67,0
2000,First Round (Round of 64),4,Tennessee,63,13,Louisiana-Lafayette,58,0
2000,First Round (Round of 64),6,Miami (FL),75,11,Arkansas,71,0
2000,First Round (Round of 64),3,Ohio State,87,14,Appalachian State,61,0
2000,First Round (Round of 64),7,Tulsa,89,10,UNLV,62,0
2000,First Round (Round of 64),2,Cincinnati,64,15,UNC Wilmington,47,0
2000,First Round (Round of 64),1,Arizona,71,16,Jackson State,47,0
2000,First Round (Round of 64),8,Wisconsin,66,9,Fresno State,56,0
2000,First Round (Round of 64),5,Texas,77,12,Indiana State,61,0
2000,First Round (Round of 64),4,LSU,64,13,Southeast Missouri State,61,0
2000,First Round (Round of 64),6,Purdue,62,11,Dayton,61,0
2000,First Round (Round of 64),3,Oklahoma,74,14,Winthrop,50,0
2000,First Round (Round of 64),10,Gonzaga,77,7,Louisville,66,0
2000,First Round (Round of 64),2,St. John's,61,15,Northern Arizona,56,0
2000,Second Round (Round of 32),1,Duke,69,8,Kansas,64,0
2000,Second Round (Round of 32),5,Florida,93,4,Illinois,76,0
2000,Second Round (Round of 32),3,Oklahoma State,75,11,Pepperdine,67,0
2000,Second Round (Round of 32),10,Seton Hall,67,2,Temple,65,1
2000,Second Round (Round of 32),1,Michigan State,73,8,Utah,61,0
2000,Second Round (Round of 32),4,Syracuse,52,5,Kentucky,50,0
2000,Second Round (Round of 32),6,UCLA,105,3,Maryland,70,0
2000,Second Round (Round of 32),2,Iowa State,79,7,Auburn,60,0
2000,Second Round (Round of 32),8,North Carolina,60,1,Stanford,53,0
2000,Second Round (Round of 32),4,Tennessee,65,5,UConn,51,0
2000,Second Round (Round of 32),6,Miami (FL),75,3,Ohio State,62,0
2000,Second Round (Round of 32),7,Tulsa,69,2,Cincinnati,61,0
2000,Second Round (Round of 32),8,Wisconsin,66,1,Arizona,59,0
2000,Second Round (Round of 32),4,LSU,72,5,Texas,67,0
2000,Second Round (Round of 32),6,Purdue,66,3,Oklahoma,62,0
2000,Second Round (Round of 32),10,Gonzaga,82,2,St. John's,76,0
2000,Sweet 16,5,Florida,87,1,Duke,78,0
2000,Sweet 16,3,Oklahoma State,68,10,Seton Hall,66,0
2000,Sweet 16,1,Michigan State,75,4,Syracuse,58,0
2000,Sweet 16,2,Iowa State,80,6,UCLA,56,0
2000,Sweet 16,8,North Carolina,74,4,Tennessee,69,0
2000,Sweet 16,7,Tulsa,80,6,Miami (FL),71,0
2000,Sweet 16,8,Wisconsin,61,4,LSU,48,0
2000,Sweet 16,6,Purdue,75,10,Gonzaga,66,0
2000,Elite Eight,5,Florida,77,3,Oklahoma State,65,0
2000,Elite Eight,1,Michigan State,75,2,Iowa State,64,0
2000,Elite Eight,8,North Carolina,59,7,Tulsa,55,0
2000,Elite Eight,8,Wisconsin,64,6,Purdue,60,0
2000,"Final Four (Indianapolis, Indiana)",5,Florida,71,8,North Carolina,59,0
2000,"Final Four (Indianapolis, Indiana)",1,Michigan State,53,8,Wisconsin,41,0
2000,National championship,1,Michigan State,89,5,Florida,76,0
2001,First Round (Round of 64),1,Duke,95,16,Monmouth,52,0
2001,First Round (Round of 64),9,Missouri,70,8,Georgia,68,0
2001,First Round (Round of 64),12,Utah State,77,5,Ohio State,68,0
2001,First Round (Round of 64),4,UCLA,61,13,Hofstra,48,0
2001,First Round (Round of 64),6,Southern California,69,11,Oklahoma State,54,0
2001,First Round (Round of 64),3,Boston College,68,14,Southern Utah,65,0
2001,First Round (Round of 64),7,Iowa,69,10,Creighton,56,0
2001,First Round (Round of 64),2,Kentucky,72,15,Holy Cross,68,0
2001,First Round (Round of 64),1,Illinois,96,16,Northwestern State,54,0
2001,First Round (Round of 64),9,Charlotte,70,8,Tennessee,63,0
2001,First Round (Round of 64),5,Syracuse,79,12,Hawaii,69,0
2001,First Round (Round of 64),4,Kansas,99,13,Cal State Northridge,75,0
2001,First Round (Round of 64),6,Notre Dame,83,11,Xavier,71,0
2001,First Round (Round of 64),3,Ole Miss,72,14,Iona,70,0
2001,First Round (Round of 64),10,Butler,79,7,Wake Forest,63,0
2001,First Round (Round of 64),2,Arizona,101,15,Eastern Illinois,76,0
2001,First Round (Round of 64),1,Michigan State,69,16,Alabama State,35,0
2001,First Round (Round of 64),9,Fresno State,82,8,California,70,0
2001,First Round (Round of 64),12,Gonzaga,86,5,Virginia,85,0
2001,First Round (Round of 64),13,Indiana State,70,4,Oklahoma,68,0
2001,First Round (Round of 64),11,Temple,79,6,Texas,65,0
2001,First Round (Round of 64),3,Florida,69,14,Western Kentucky,56,0
2001,First Round (Round of 64),7,Penn State,69,10,Providence,59,0
2001,First Round (Round of 64),2,North Carolina,70,15,Princeton,48,0
2001,First Round (Round of 64),1,Stanford,88,16,UNC Greensboro,60,0
2001,First Round (Round of 64),9,Saint Joseph's,66,8,Georgia Tech,62,0
2001,First Round (Round of 64),5,Cincinnati,84,12,BYU,59,0
2001,First Round (Round of 64),13,Kent State,77,4,Indiana,73,0
2001,First Round (Round of 64),11,Georgia State,50,6,Wisconsin,49,0
2001,First Round (Round of 64),3,Maryland,83,14,George Mason,80,0
2001,First Round (Round of 64),10,Georgetown,63,7,Arkansas,61,0
2001,First Round (Round of 64),15,Hampton,58,2,Iowa State,57,0
2001,Second Round (Round of 32),1,Duke,94,9,Missouri,81,0
2001,Second Round (Round of 32),4,UCLA,75,12,Utah State,50,0
2001,Second Round (Round of 32),6,Southern California,74,3,Boston College,71,0
2001,Second Round (Round of 32),2,Kentucky,92,7,Iowa,79,0
2001,Second Round (Round of 32),1,Illinois,79,9,Charlotte,61,0
2001,Second Round (Round of 32),4,Kansas,87,5,Syracuse,58,0
2001,Second Round (Round of 32),3,Ole Miss,59,6,Notre Dame,56,0
2001,Second Round (Round of 32),2,Arizona,73,10,Butler,52,0
2001,Second Round (Round of 32),1,Michigan State,81,9,Fresno State,65,0
2001,Second Round (Round of 32),12,Gonzaga,85,13,Indiana State,68,0
2001,Second Round (Round of 32),11,Temple,75,3,Florida,54,0
2001,Second Round (Round of 32),7,Penn State,82,2,North Carolina,74,0
2001,Second Round (Round of 32),1,Stanford,90,9,Saint Joseph's,83,0
2001,Second Round (Round of 32),5,Cincinnati,66,13,Kent State,43,0
2001,Second Round (Round of 32),3,Maryland,79,11,Georgia State,60,0
2001,Second Round (Round of 32),10,Georgetown,76,15,Hampton,57,0
2001,Sweet 16,1,Duke,76,4,UCLA,63,0
2001,Sweet 16,6,Southern California,80,2,Kentucky,76,0
2001,Sweet 16,1,Illinois,80,4,Kansas,64,0
2001,Sweet 16,2,Arizona,66,3,Ole Miss,56,0
2001,Sweet 16,1,Michigan State,77,12,Gonzaga,62,0
2001,Sweet 16,11,Temple,84,7,Penn State,72,0
2001,Sweet 16,1,Stanford,78,5,Cincinnati,65,0
2001,Sweet 16,3,Maryland,76,10,Georgetown,66,0
2001,Elite Eight,1,Duke,79,6,Southern California,69,0
2001,Elite Eight,2,Arizona,87,1,Illinois,81,0
2001,Elite Eight,1,Michigan State,69,11,Temple,62,0
2001,Elite Eight,3,Maryland,87,1,Stanford,73,0
2001,"Final Four (Minneapolis, Minnesota)",1,Duke,95,3,Maryland,84,0
2001,"Final Four (Minneapolis, Minnesota)",2,Arizona,80,1,Michigan State,61,0
2001,National championship,1,Duke,82,2,Arizona,72,0
2002,First Round (Round of 64),1,Maryland,85,16,Siena,70,0
2002,First Round (Round of 64),8,Wisconsin,80,9,St. John's,70,0
2002,First Round (Round of 64),12,Tulsa,71,5,Marquette,69,0
2002,First Round (Round of 64),4,Kentucky,83,13,Valparaiso,68,0
2002,First Round (Round of 64),11,Southern Illinois,76,6,Texas Tech,68,0
2002,First Round (Round of 64),3,Georgia,85,14,Murray State,68,0
2002,First Round (Round of 64),7,N.C. State,69,10,Michigan State,58,0
2002,First Round (Round of 64),2,UConn,78,15,Hampton,67,0
2002,First Round (Round of 64),1,Kansas,70,16,Holy Cross,59,0
2002,First Round (Round of 64),8,Stanford,84,9,Western Kentucky,68,0
2002,First Round (Round of 64),12,Creighton,83,5,Florida,82,0
2002,First Round (Round of 64),4,Illinois,93,13,San Diego State,64,0
2002,First Round (Round of 64),6,Texas,70,11,Boston College,57,0
2002,First Round (Round of 64),3,Mississippi State,70,14,McNeese State,58,0
2002,First Round (Round of 64),7,Wake Forest,83,10,Pepperdine,74,0
2002,First Round (Round of 64),2,Oregon,81,15,Montana,62,0
2002,First Round (Round of 64),1,Duke,84,16,Winthrop,37,0
2002,First Round (Round of 64),8,Notre Dame,82,9,Charlotte,63,0
2002,First Round (Round of 64),5,Indiana,75,12,Utah,56,0
2002,First Round (Round of 64),13,UNC Wilmington,93,4,Southern California,89,0
2002,First Round (Round of 64),6,California,82,11,Penn,75,0
2002,First Round (Round of 64),3,Pittsburgh,71,14,Central Connecticut State,54,0
2002,First Round (Round of 64),10,Kent State,69,7,Oklahoma State,61,0
2002,First Round (Round of 64),2,Alabama,86,15,Florida Atlantic,78,0
2002,First Round (Round of 64),1,Cincinnati,90,16,Boston University,52,0
2002,First Round (Round of 64),8,UCLA,80,9,Ole Miss,58,0
2002,First Round (Round of 64),12,Missouri,93,5,Miami (FL),80,0
2002,First Round (Round of 64),4,Ohio State,69,13,Davidson,64,0
2002,First Round (Round of 64),11,Wyoming,73,6,Gonzaga,66,0
2002,First Round (Round of 64),3,Arizona,86,14,UC Santa Barbara,81,0
2002,First Round (Round of 64),7,Xavier,70,10,Hawaii,58,0
2002,First Round (Round of 64),2,Oklahoma,71,15,Illinois-Chicago,63,0
2002,Second Round (Round of 32),1,Maryland,87,8,Wisconsin,57,0
2002,Second Round (Round of 32),4,Kentucky,87,12,Tulsa,82,0
2002,Second Round (Round of 32),11,Southern Illinois,77,3,Georgia,75,0
2002,Second Round (Round of 32),2,UConn,77,7,N.C. State,74,0
2002,Second Round (Round of 32),1,Kansas,86,8,Stanford,63,0
2002,Second Round (Round of 32),4,Illinois,72,12,Creighton,60,0
2002,Second Round (Round of 32),6,Texas,68,3,Mississippi State,64,0
2002,Second Round (Round of 32),2,Oregon,92,7,Wake Forest,87,0
2002,Second Round (Round of 32),1,Duke,84,8,Notre Dame,77,0
2002,Second Round (Round of 32),5,Indiana,76,13,UNC Wilmington,67,0
2002,Second Round (Round of 32),3,Pittsburgh,63,6,California,50,0
2002,Second Round (Round of 32),10,Kent State,71,2,Alabama,58,0
2002,Second Round (Round of 32),8,UCLA,105,1,Cincinnati,101,0
2002,Second Round (Round of 32),12,Missouri,83,4,Ohio State,67,0
2002,Second Round (Round of 32),3,Arizona,68,11,Wyoming,60,0
2002,Second Round (Round of 32),2,Oklahoma,78,7,Xavier,65,0
2002,Sweet 16,1,Maryland,78,4,Kentucky,68,0
2002,Sweet 16,2,UConn,71,11,Southern Illinois,59,0
2002,Sweet 16,1,Kansas,73,4,Illinois,69,0
2002,Sweet 16,2,Oregon,72,6,Texas,70,0
2002,Sweet 16,5,Indiana,74,1,Duke,73,0
2002,Sweet 16,10,Kent State,78,3,Pittsburgh,73,0
2002,Sweet 16,12,Missouri,82,8,UCLA,73,0
2002,Sweet 16,2,Oklahoma,88,3,Arizona,67,0
2002,Elite Eight,1,Maryland,90,2,UConn,82,0
2002,Elite Eight,1,Kansas,104,2,Oregon,86,0
2002,Elite Eight,5,Indiana,81,10,Kent State,69,0
2002,Elite Eight,2,Oklahoma,81,12,Missouri,75,0
2002,"Final Four (Atlanta, Georgia)",1,Maryland,97,1,Kansas,88,0
2002,"Final Four (Atlanta, Georgia)",5,Indiana,73,2,Oklahoma,64,0
2002,National championship,1,Maryland,64,5,Indiana,52,0
2003,First Round (Round of 64),1,Oklahoma,71,16,South Carolina State,54,0
2003,First Round (Round of 64),8,California,76,9,N.C. State,74,0
2003,First Round (Round of 64),12,Butler,47,5,Mississippi State,46,0
2003,First Round (Round of 64),4,Louisville,86,13,Austin Peay,64,0
2003,First Round (Round of 64),6,Oklahoma State,77,11,Penn,63,0
2003,First Round (Round of 64),3,Syracuse,76,14,Manhattan,65,0
2003,First Round (Round of 64),10,Auburn,65,7,Saint Joseph's,63,0
2003,First Round (Round of 64),2,Wake Forest,76,15,East Tennessee State,73,0
2003,First Round (Round of 64),1,Kentucky,95,16,IUPUI,64,0
2003,First Round (Round of 64),9,Utah,60,8,Oregon,58,0
2003,First Round (Round of 64),5,Wisconsin,81,12,Weber State,74,0
2003,First Round (Round of 64),13,Tulsa,84,4,Dayton,71,0
2003,First Round (Round of 64),6,Missouri,72,11,Southern Illinois,71,0
2003,First Round (Round of 64),3,Marquette,72,14,Holy Cross,68,0
2003,First Round (Round of 64),7,Indiana,67,10,Alabama,62,0
2003,First Round (Round of 64),2,Pittsburgh,87,15,Wagner,61,0
2003,First Round (Round of 64),1,Texas,82,16,UNC Asheville,61,0
2003,First Round (Round of 64),9,Purdue,80,8,LSU,56,0
2003,First Round (Round of 64),5,UConn,58,12,BYU,53,0
2003,First Round (Round of 64),4,Stanford,77,13,San Diego,69,0
2003,First Round (Round of 64),6,Maryland,75,11,UNC Wilmington,73,0
2003,First Round (Round of 64),3,Xavier,71,14,Troy State,59,0
2003,First Round (Round of 64),7,Michigan State,79,10,Colorado,64,0
2003,First Round (Round of 64),2,Florida,85,15,Sam Houston State,55,0
2003,First Round (Round of 64),1,Arizona,80,16,Vermont,51,0
2003,First Round (Round of 64),9,Gonzaga,74,8,Cincinnati,69,0
2003,First Round (Round of 64),5,Notre Dame,70,12,Milwaukee,69,0
2003,First Round (Round of 64),4,Illinois,65,13,Western Kentucky,60,0
2003,First Round (Round of 64),11,Central Michigan,79,6,Creighton,73,0
2003,First Round (Round of 64),3,Duke,67,14,Colorado State,57,0
2003,First Round (Round of 64),10,Arizona State,84,7,Memphis,71,0
2003,First Round (Round of 64),2,Kansas,64,15,Utah State,61,0
2003,Second Round (Round of 32),1,Oklahoma,74,8,California,65,0
2003,Second Round (Round of 32),12,Butler,79,4,Louisville,71,0
2003,Second Round (Round of 32),3,Syracuse,68,6,Oklahoma State,56,0
2003,Second Round (Round of 32),10,Auburn,68,2,Wake Forest,62,0
2003,Second Round (Round of 32),1,Kentucky,74,9,Utah,54,0
2003,Second Round (Round of 32),5,Wisconsin,61,13,Tulsa,60,0
2003,Second Round (Round of 32),3,Marquette,101,6,Missouri,92,0
2003,Second Round (Round of 32),2,Pittsburgh,74,7,Indiana,52,0
2003,Second Round (Round of 32),1,Texas,77,9,Purdue,67,0
2003,Second Round (Round of 32),5,UConn,85,4,Stanford,74,0
2003,Second Round (Round of 32),6,Maryland,77,3,Xavier,64,0
2003,Second Round (Round of 32),7,Michigan State,68,2,Florida,46,0
2003,Second Round (Round of 32),1,Arizona,96,9,Gonzaga,95,0
2003,Second Round (Round of 32),5,Notre Dame,68,4,Illinois,60,0
2003,Second Round (Round of 32),3,Duke,86,11,Central Michigan,60,0
2003,Second Round (Round of 32),2,Kansas,108,10,Arizona State,76,0
2003,Sweet 16,1,Oklahoma,65,12,Butler,54,0
2003,Sweet 16,3,Syracuse,79,10,Auburn,78,0
2003,Sweet 16,1,Kentucky,63,5,Wisconsin,57,0
2003,Sweet 16,3,Marquette,77,2,Pittsburgh,74,0
2003,Sweet 16,1,Texas,82,5,UConn,78,0
2003,Sweet 16,7,Michigan State,60,6,Maryland,58,0
2003,Sweet 16,1,Arizona,88,5,Notre Dame,71,0
2003,Sweet 16,2,Kansas,69,3,Duke,65,0
2003,Elite Eight,3,Syracuse,63,1,Oklahoma,47,0
2003,Elite Eight,3,Marquette,83,1,Kentucky,69,0
2003,Elite Eight,1,Texas,85,7,Michigan State,76,0
2003,Elite Eight,2,Kansas,78,1,Arizona,75,0
2003,"Final Four (New Orleans, Louisiana)",3,Syracuse,95,1,Texas,84,0
2003,"Final Four (New Orleans, Louisiana)",2,Kansas,94,3,Marquette,61,0
2003,National championship,3,Syracuse,81,2,Kansas,78,0
2004,Opening Round,16,Florida A&M,72,16,Lehigh,57,0
2004,First Round (Round of 64),1,Saint Joseph's,82,16,Liberty,63,0
2004,First Round (Round of 64),8,Texas Tech,76,9,Charlotte,73,0
2004,First Round (Round of 64),12,Manhattan,75,5,Florida,60,0
2004,First Round (Round of 64),4,Wake Forest,79,13,VCU,78,0
2004,First Round (Round of 64),6,Wisconsin,76,11,Richmond,64,0
2004,First Round (Round of 64),3,Pittsburgh,53,14,UCF,44,0
2004,First Round (Round of 64),7,Memphis,59,10,South Carolina,43,0
2004,First Round (Round of 64),2,Oklahoma State,75,15,Eastern Washington,56,0
2004,First Round (Round of 64),1,Kentucky,96,16,Florida A&M,76,0
2004,First Round (Round of 64),9,UAB,102,8,Washington,100,0
2004,First Round (Round of 64),12,Pacific,66,5,Providence,58,0
2004,First Round (Round of 64),4,Kansas,78,13,Illinois-Chicago,53,0
2004,First Round (Round of 64),6,Boston College,58,11,Utah,51,0
2004,First Round (Round of 64),3,Georgia Tech,65,14,Northern Iowa,60,0
2004,First Round (Round of 64),10,Nevada,72,7,Michigan State,66,0
2004,First Round (Round of 64),2,Gonzaga,76,15,Valparaiso,49,0
2004,First Round (Round of 64),1,Duke,96,16,Alabama State,61,0
2004,First Round (Round of 64),8,Seton Hall,80,9,Arizona,76,0
2004,First Round (Round of 64),5,Illinois,72,12,Murray State,53,0
2004,First Round (Round of 64),4,Cincinnati,80,13,East Tennessee State,77,0
2004,First Round (Round of 64),6,North Carolina,63,11,Air Force,52,0
2004,First Round (Round of 64),3,Texas,66,14,Princeton,49,0
2004,First Round (Round of 64),7,Xavier,80,10,Louisville,70,0
2004,First Round (Round of 64),2,Mississippi State,85,15,Monmouth,52,0
2004,First Round (Round of 64),1,Stanford,71,16,UTSA,45,0
2004,First Round (Round of 64),8,Alabama,65,9,Southern Illinois,64,0
2004,First Round (Round of 64),5,Syracuse,80,12,BYU,75,0
2004,First Round (Round of 64),4,Maryland,86,13,UTEP,83,0
2004,First Round (Round of 64),6,Vanderbilt,71,11,Western Michigan,58,0
2004,First Round (Round of 64),3,NC State,61,14,Louisiana-Lafayette,52,0
2004,First Round (Round of 64),7,DePaul,76,10,Dayton,69,1
2004,First Round (Round of 64),2,UConn,70,15,Vermont,53,0
2004,Second Round (Round of 32),1,Saint Joseph's,70,8,Texas Tech,65,0
2004,Second Round (Round of 32),4,Wake Forest,84,12,Manhattan,80,0
2004,Second Round (Round of 32),3,Pittsburgh,59,6,Wisconsin,55,0
2004,Second Round (Round of 32),2,Oklahoma State,70,7,Memphis,53,0
2004,Second Round (Round of 32),9,UAB,76,1,Kentucky,75,0
2004,Second Round (Round of 32),4,Kansas,78,12,Pacific,63,0
2004,Second Round (Round of 32),3,Georgia Tech,57,6,Boston College,54,0
2004,Second Round (Round of 32),10,Nevada,91,2,Gonzaga,72,0
2004,Second Round (Round of 32),1,Duke,90,8,Seton Hall,62,0
2004,Second Round (Round of 32),5,Illinois,92,4,Cincinnati,68,0
2004,Second Round (Round of 32),3,Texas,78,6,North Carolina,75,0
2004,Second Round (Round of 32),7,Xavier,89,2,Mississippi State,74,0
2004,Second Round (Round of 32),8,Alabama,70,1,Stanford,67,0
2004,Second Round (Round of 32),5,Syracuse,72,4,Maryland,70,0
2004,Second Round (Round of 32),6,Vanderbilt,75,3,NC State,73,0
2004,Second Round (Round of 32),2,UConn,72,7,DePaul,55,0
2004,Sweet 16,1,Saint Joseph's,84,4,Wake Forest,80,0
2004,Sweet 16,2,Oklahoma State,63,3,Pittsburgh,51,0
2004,Sweet 16,4,Kansas,100,9,UAB,74,0
2004,Sweet 16,3,Georgia Tech,72,10,Nevada,67,0
2004,Sweet 16,1,Duke,72,5,Illinois,62,0
2004,Sweet 16,7,Xavier,79,3,Texas,71,0
2004,Sweet 16,8,Alabama,80,5,Syracuse,71,0
2004,Sweet 16,2,UConn,73,6,Vanderbilt,53,0
2004,Elite Eight,2,Oklahoma State,64,1,Saint Joseph's,62,0
2004,Elite Eight,3,Georgia Tech,79,4,Kansas,71,1
2004,Elite Eight,1,Duke,66,7,Xavier,63,0
2004,Elite Eight,2,UConn,87,8,Alabama,71,0
2004,"Final Four (San Antonio, Texas)",3,Georgia Tech,67,2,Oklahoma State,65,0
2004,"Final Four (San Antonio, Texas)",2,UConn,79,1,Duke,78,0
2004,National championship,2,UConn,82,3,Georgia Tech,73,0
2005,Opening Round,16,Oakland,79,16,Alabama A&M,69,0
2005,First Round (Round of 64),1,North Carolina,96,16,Oakland,68,0
2005,First Round (Round of 64),9,Iowa State,64,8,Minnesota,53,0
2005,First Round (Round of 64),5,Villanova,55,12,New Mexico,47,0
2005,First Round (Round of 64),4,Florida,67,13,Ohio,62,0
2005,First Round (Round of 64),6,Wisconsin,57,11,Northern Iowa,52,0
2005,First Round (Round of 64),14,Bucknell,64,3,Kansas,63,0
2005,First Round (Round of 64),10,NC State,75,7,UNC Charlotte,63,0
2005,First Round (Round of 64),2,UConn,77,15,UCF,71,0
2005,First Round (Round of 64),1,Illinois,67,16,Fairleigh Dickinson,55,0
2005,First Round (Round of 64),9,Nevada,61,8,Texas,57,0
2005,First Round (Round of 64),12,Wisconsin-Milwaukee,83,5,Alabama,73,0
2005,First Round (Round of 64),4,Boston College,85,13,Penn,65,0
2005,First Round (Round of 64),11,UAB,82,6,LSU,68,0
2005,First Round (Round of 64),3,Arizona,66,14,Utah State,53,0
2005,First Round (Round of 64),7,Southern Illinois,65,10,St. Mary's,56,0
2005,First Round (Round of 64),2,Oklahoma State,63,15,Southeastern Louisiana,50,0
2005,First Round (Round of 64),1,Duke,57,16,Delaware State,46,0
2005,First Round (Round of 64),9,Mississippi State,93,8,Stanford,70,0
2005,First Round (Round of 64),5,Michigan State,89,12,Old Dominion,81,0
2005,First Round (Round of 64),13,Vermont,60,4,Syracuse,57,1
2005,First Round (Round of 64),6,Utah,60,11,UTEP,54,0
2005,First Round (Round of 64),3,Oklahoma,84,14,Niagara,67,0
2005,First Round (Round of 64),7,Cincinnati,76,10,Iowa,64,0
2005,First Round (Round of 64),2,Kentucky,72,15,Eastern Kentucky,64,0
2005,First Round (Round of 64),1,Washington,88,16,Montana,77,0
2005,First Round (Round of 64),8,Pacific,79,9,Pittsburgh,71,0
2005,First Round (Round of 64),5,Georgia Tech,80,12,George Washington,68,0
2005,First Round (Round of 64),4,Louisville,68,13,Louisiana-Lafayette,62,0
2005,First Round (Round of 64),6,Texas Tech,78,11,UCLA,66,0
2005,First Round (Round of 64),3,Gonzaga,74,14,Winthrop,64,0
2005,First Round (Round of 64),7,West Virginia,63,10,Creighton,61,0
2005,First Round (Round of 64),2,Wake Forest,70,15,UT-Chattanooga,54,0
2005,Second Round (Round of 32),1,North Carolina,92,9,Iowa State,65,0
2005,Second Round (Round of 32),5,Villanova,76,4,Florida,65,0
2005,Second Round (Round of 32),6,Wisconsin,71,14,Bucknell,62,0
2005,Second Round (Round of 32),10,NC State,65,2,UConn,62,0
2005,Second Round (Round of 32),1,Illinois,71,9,Nevada,59,0
2005,Second Round (Round of 32),12,Wisconsin-Milwaukee,83,4,Boston College,75,0
2005,Second Round (Round of 32),3,Arizona,85,11,UAB,63,0
2005,Second Round (Round of 32),2,Oklahoma State,85,7,Southern Illinois,77,0
2005,Second Round (Round of 32),1,Duke,63,9,Mississippi State,55,0
2005,Second Round (Round of 32),5,Michigan State,72,13,Vermont,61,0
2005,Second Round (Round of 32),6,Utah,67,3,Oklahoma,58,0
2005,Second Round (Round of 32),2,Kentucky,69,7,Cincinnati,60,0
2005,Second Round (Round of 32),1,Washington,97,8,Pacific,79,0
2005,Second Round (Round of 32),4,Louisville,76,5,Georgia Tech,54,0
2005,Second Round (Round of 32),6,Texas Tech,71,3,Gonzaga,69,0
2005,Second Round (Round of 32),7,West Virginia,111,2,Wake Forest,105,1
2005,Sweet 16,1,North Carolina,67,5,Villanova,66,0
2005,Sweet 16,6,Wisconsin,65,10,NC State,56,0
2005,Sweet 16,1,Illinois,77,12,Wisconsin-Milwaukee,63,0
2005,Sweet 16,3,Arizona,79,2,Oklahoma State,78,0
2005,Sweet 16,5,Michigan State,78,1,Duke,68,0
2005,Sweet 16,2,Kentucky,62,6,Utah,52,0
2005,Sweet 16,4,Louisville,93,1,Washington,79,0
2005,Sweet 16,7,West Virginia,65,6,Texas Tech,60,0
2005,Elite Eight,1,North Carolina,88,6,Wisconsin,82,0
2005,Elite Eight,1,Illinois,90,3,Arizona,89,1
2005,Elite Eight,5,Michigan State,94,2,Kentucky,88,1
2005,Elite Eight,4,Louisville,93,7,West Virginia,85,1
2005,"Final Four (St. Louis, Missouri)",1,Illinois,72,4,Louisville,57,0
2005,"Final Four (St. Louis, Missouri)",1,North Carolina,87,5,Michigan State,71,0
2005,National championship,1,North Carolina,75,1,Illinois,70,0
2006,Opening Round,16,Monmouth,71,16,Hampton,49,0
2006,First Round (Round of 64),1,UConn,72,16,Albany,59,0
2006,First Round (Round of 64),8,Kentucky,69,9,UAB,64,0
2006,First Round (Round of 64),5,Washington,75,12,Utah State,61,0
2006,First Round (Round of 64),4,Illinois,78,13,Air Force,69,0
2006,First Round (Round of 64),11,George Mason,75,6,Michigan State,65,0
2006,First Round (Round of 64),3,North Carolina,69,14,Murray State,65,0
2006,First Round (Round of 64),7,Wichita State,86,10,Seton Hall,66,0
2006,First Round (Round of 64),2,Tennessee,63,15,Winthrop,61,0
2006,First Round (Round of 64),1,Villanova,58,16,Monmouth,45,0
2006,First Round (Round of 64),8,Arizona,94,9,Wisconsin,75,0
2006,First Round (Round of 64),12,Montana,87,5,Nevada,79,0
2006,First Round (Round of 64),4,Boston College,88,13,Pacific,76,1
2006,First Round (Round of 64),11,Wisconsin-Milwaukee,82,6,Oklahoma,74,0
2006,First Round (Round of 64),3,Florida,76,14,South Alabama,50,0
2006,First Round (Round of 64),7,Georgetown,54,10,Northern Iowa,49,0
2006,First Round (Round of 64),2,Ohio State,70,15,Davidson,62,0
2006,First Round (Round of 64),1,Duke,70,16,Southern,54,0
2006,First Round (Round of 64),8,George Washington,88,9,UNC-Wilmington,85,0
2006,First Round (Round of 64),12,Texas A&M,66,5,Syracuse,58,0
2006,First Round (Round of 64),4,LSU,80,13,Iona,64,0
2006,First Round (Round of 64),6,West Virginia,64,11,Southern Illinois,46,0
2006,First Round (Round of 64),14,Northwestern State,64,3,Iowa,63,0
2006,First Round (Round of 64),10,NC State,58,7,California,52,0
2006,First Round (Round of 64),2,Texas,60,15,Penn,52,0
2006,First Round (Round of 64),1,Memphis,94,16,Oral Roberts,78,0
2006,First Round (Round of 64),9,Bucknell,59,8,Arkansas,55,0
2006,First Round (Round of 64),5,Pittsburgh,79,12,Kent State,64,0
2006,First Round (Round of 64),13,Bradley,77,4,Kansas,73,0
2006,First Round (Round of 64),6,Indiana,87,11,San Diego State,83,0
2006,First Round (Round of 64),3,Gonzaga,79,14,Xavier,75,0
2006,First Round (Round of 64),10,Alabama,90,7,Marquette,85,0
2006,First Round (Round of 64),2,UCLA,78,15,Belmont,44,0
2006,Second Round (Round of 32),1,UConn,87,8,Kentucky,83,0
2006,Second Round (Round of 32),5,Washington,67,4,Illinois,64,0
2006,Second Round (Round of 32),11,George Mason,65,3,North Carolina,60,0
2006,Second Round (Round of 32),7,Wichita State,80,2,Tennessee,73,0
2006,Second Round (Round of 32),1,Villanova,82,8,Arizona,78,0
2006,Second Round (Round of 32),4,Boston College,69,12,Montana,56,0
2006,Second Round (Round of 32),3,Florida,82,11,Wisconsin-Milwaukee,60,0
2006,Second Round (Round of 32),7,Georgetown,70,2,Ohio State,52,0
2006,Second Round (Round of 32),1,Duke,74,8,George Washington,61,0
2006,Second Round (Round of 32),4,LSU,58,12,Texas A&M,57,0
2006,Second Round (Round of 32),6,West Virginia,67,14,Northwestern State,54,0
2006,Second Round (Round of 32),2,Texas,75,10,NC State,54,0
2006,Second Round (Round of 32),1,Memphis,72,9,Bucknell,56,0
2006,Second Round (Round of 32),13,Bradley,72,5,Pittsburgh,66,0
2006,Second Round (Round of 32),3,Gonzaga,90,6,Indiana,80,0
2006,Second Round (Round of 32),2,UCLA,62,10,Alabama,59,0
2006,Sweet 16,1,UConn,98,5,Washington,92,1
2006,Sweet 16,11,George Mason,63,7,Wichita State,55,0
2006,Sweet 16,1,Villanova,60,4,Boston College,59,1
2006,Sweet 16,3,Florida,57,7,Georgetown,53,0
2006,Sweet 16,4,LSU,62,1,Duke,54,0
2006,Sweet 16,2,Texas,74,6,West Virginia,71,0
2006,Sweet 16,1,Memphis,80,13,Bradley,64,0
2006,Sweet 16,2,UCLA,73,3,Gonzaga,71,0
2006,Elite Eight,11,George Mason,86,1,UConn,84,1
2006,Elite Eight,3,Florida,75,1,Villanova,62,0
2006,Elite Eight,4,LSU,70,2,Texas,60,1
2006,Elite Eight,2,UCLA,50,1,Memphis,45,0
2006,"Final Four (Indianapolis, Indiana)",2,UCLA,59,4,LSU,45,0
2006,"Final Four (Indianapolis, Indiana)",3,Florida,73,11,George Mason,58,0
2006,National championship,3,Florida,73,2,UCLA,57,0
2007,Opening Round Game,16,Niagara,77,16,Florida A&M,69,0
2007,First Round (Round of 64),1,North Carolina,86,16,Eastern Kentucky,65,0
2007,First Round (Round of 64),9,Michigan State,61,8,Marquette,49,0
2007,First Round (Round of 64),5,USC,77,12,Arkansas,60,0
2007,First Round (Round of 64),4,Texas,79,13,New Mexico State,67,0
2007,First Round (Round of 64),6,Vanderbilt,77,11,George Washington,44,0
2007,First Round (Round of 64),3,Washington State,70,14,Oral Roberts,54,0
2007,First Round (Round of 64),7,Boston College,84,10,Texas Tech,75,0
2007,First Round (Round of 64),2,Georgetown,80,15,Belmont,55,0
2007,First Round (Round of 64),1,Florida,112,16,Jackson State,69,0
2007,First Round (Round of 64),9,Purdue,72,8,Arizona,63,0
2007,First Round (Round of 64),5,Butler,57,12,Old Dominion,46,0
2007,First Round (Round of 64),4,Maryland,82,13,Davidson,70,0
2007,First Round (Round of 64),11,Winthrop,74,6,Notre Dame,64,0
2007,First Round (Round of 64),3,Oregon,58,14,Miami (Ohio),56,0
2007,First Round (Round of 64),7,UNLV,67,10,Georgia Tech,63,0
2007,First Round (Round of 64),2,Wisconsin,76,15,Texas A&M-Corpus Christi,63,0
2007,First Round (Round of 64),1,Ohio State,78,16,Central Connecticut State,57,0
2007,First Round (Round of 64),9,Xavier,79,8,BYU,77,0
2007,First Round (Round of 64),5,Tennessee,121,12,Long Beach State,86,0
2007,First Round (Round of 64),4,Virginia,84,13,Albany,57,0
2007,First Round (Round of 64),6,Louisville,78,11,Stanford,58,0
2007,First Round (Round of 64),3,Texas A&M,68,14,Penn,52,0
2007,First Round (Round of 64),7,Nevada,77,10,Creighton,71,1
2007,First Round (Round of 64),2,Memphis,73,15,North Texas,58,0
2007,First Round (Round of 64),1,Kansas,107,16,Niagara,67,0
2007,First Round (Round of 64),8,Kentucky,67,9,Villanova,58,0
2007,First Round (Round of 64),5,Virginia Tech,54,12,Illinois,52,0
2007,First Round (Round of 64),4,Southern Illinois,61,13,Holy Cross,51,0
2007,First Round (Round of 64),11,VCU,79,6,Duke,77,0
2007,First Round (Round of 64),3,Pittsburgh,79,14,Wright State,58,0
2007,First Round (Round of 64),7,Indiana,70,10,Gonzaga,57,0
2007,First Round (Round of 64),2,UCLA,70,15,Weber State,42,0
2007,Second Round (Round of 32),1,North Carolina,81,9,Michigan State,67,0
2007,Second Round (Round of 32),5,USC,87,4,Texas,68,0
2007,Second Round (Round of 32),6,Vanderbilt,78,3,Washington State,74,1
2007,Second Round (Round of 32),2,Georgetown,62,7,Boston College,55,0
2007,Second Round (Round of 32),1,Florida,74,9,Purdue,67,0
2007,Second Round (Round of 32),5,Butler,62,4,Maryland,59,0
2007,Second Round (Round of 32),3,Oregon,75,11,Winthrop,61,0
2007,Second Round (Round of 32),7,UNLV,74,2,Wisconsin,68,0
2007,Second Round (Round of 32),1,Ohio State,78,9,Xavier,71,1
2007,Second Round (Round of 32),5,Tennessee,77,4,Virginia,74,0
2007,Second Round (Round of 32),3,Texas A&M,72,6,Louisville,69,0
2007,Second Round (Round of 32),2,Memphis,78,7,Nevada,62,0
2007,Second Round (Round of 32),1,Kansas,88,8,Kentucky,76,0
2007,Second Round (Round of 32),4,Southern Illinois,63,5,Virginia Tech,48,0
2007,Second Round (Round of 32),3,Pittsburgh,84,11,VCU,79,1
2007,Second Round (Round of 32),2,UCLA,54,7,Indiana,49,0
2007,Sweet 16,1,North Carolina,74,5,USC,64,0
2007,Sweet 16,2,Georgetown,66,6,Vanderbilt,65,0
2007,Sweet 16,1,Florida,65,5,Butler,57,0
2007,Sweet 16,3,Oregon,76,7,UNLV,72,0
2007,Sweet 16,1,Ohio State,85,5,Tennessee,84,0
2007,Sweet 16,2,Memphis,65,3,Texas A&M,64,0
2007,Sweet 16,1,Kansas,61,4,Southern Illinois,58,0
2007,Sweet 16,2,UCLA,64,3,Pittsburgh,55,0
2007,Elite Eight,2,Georgetown,96,1,North Carolina,84,1
2007,Elite Eight,1,Florida,85,3,Oregon,77,0
2007,Elite Eight,1,Ohio State,92,2,Memphis,76,0
2007,Elite Eight,2,UCLA,68,1,Kansas,55,0
2007,"Final Four (Atlanta, Georgia)",1,Florida,76,2,UCLA,66,0
2007,"Final Four (Atlanta, Georgia)",1,Ohio State,67,2,Georgetown,60,0
2007,National championship,1,Florida,84,1,Ohio State,75,0
2008,Opening Round Game,16,Mount St. Mary's,69,16,Coppin State,60,0
2008,First Round (Round of 64),1,North Carolina,113,16,Mount St. Mary's,74,0
2008,First Round (Round of 64),9,Arkansas,86,8,Indiana,72,0
2008,First Round (Round of 64),5,Notre Dame,68,12,George Mason,50,0
2008,First Round (Round of 64),4,Washington State,71,13,Winthrop,40,0
2008,First Round (Round of 64),6,Oklahoma,72,11,St. Joseph's,64,0
2008,First Round (Round of 64),3,Louisville,79,14,Boise State,61,0
2008,First Round (Round of 64),7,Butler,81,10,South Alabama,61,0
2008,First Round (Round of 64),2,Tennessee,72,15,American,57,0
2008,First Round (Round of 64),1,Kansas,85,16,Portland State,61,0
2008,First Round (Round of 64),8,UNLV,71,9,Kent State,58,0
2008,First Round (Round of 64),12,Villanova,75,5,Clemson,69,0
2008,First Round (Round of 64),13,Siena,83,4,Vanderbilt,62,0
2008,First Round (Round of 64),11,Kansas State,80,6,USC,67,0
2008,First Round (Round of 64),3,Wisconsin,71,14,Cal State Fullerton,56,0
2008,First Round (Round of 64),10,Davidson,82,7,Gonzaga,76,0
2008,First Round (Round of 64),2,Georgetown,66,15,UMBC,47,0
2008,First Round (Round of 64),1,Memphis,87,16,Texas-Arlington,63,0
2008,First Round (Round of 64),8,Mississippi State,76,9,Oregon,69,0
2008,First Round (Round of 64),5,Michigan State,72,12,Temple,61,0
2008,First Round (Round of 64),4,Pittsburgh,82,13,Oral Roberts,63,0
2008,First Round (Round of 64),6,Marquette,74,11,Kentucky,66,0
2008,First Round (Round of 64),3,Stanford,77,14,Cornell,53,0
2008,First Round (Round of 64),7,Miami (FL),78,10,Saint Mary's,64,0
2008,First Round (Round of 64),2,Texas,74,15,Austin Peay,54,0
2008,First Round (Round of 64),1,UCLA,70,16,Mississippi Valley State,29,0
2008,First Round (Round of 64),9,Texas A&M,67,8,BYU,62,0
2008,First Round (Round of 64),12,Western Kentucky,101,5,Drake,99,1
2008,First Round (Round of 64),13,San Diego,70,4,UConn,69,0
2008,First Round (Round of 64),6,Purdue,90,11,Baylor,79,0
2008,First Round (Round of 64),3,Xavier,73,14,Georgia,61,0
2008,First Round (Round of 64),7,West Virginia,75,10,Arizona,65,0
2008,First Round (Round of 64),2,Duke,71,15,Belmont,70,0
2008,Second Round (Round of 32),1,North Carolina,108,9,Arkansas,77,0
2008,Second Round (Round of 32),4,Washington State,61,5,Notre Dame,41,0
2008,Second Round (Round of 32),3,Louisville,78,6,Oklahoma,48,0
2008,Second Round (Round of 32),2,Tennessee,76,7,Butler,71,1
2008,Second Round (Round of 32),1,Kansas,75,8,UNLV,56,0
2008,Second Round (Round of 32),12,Villanova,84,13,Siena,72,0
2008,Second Round (Round of 32),3,Wisconsin,72,11,Kansas State,55,0
2008,Second Round (Round of 32),10,Davidson,74,2,Georgetown,70,0
2008,Second Round (Round of 32),1,Memphis,77,8,Mississippi State,74,0
2008,Second Round (Round of 32),5,Michigan State,65,4,Pittsburgh,54,0
2008,Second Round (Round of 32),3,Stanford,82,6,Marquette,81,1
2008,Second Round (Round of 32),2,Texas,75,7,Miami (FL),72,0
2008,Second Round (Round of 32),1,UCLA,51,9,Texas A&M,49,0
2008,Second Round (Round of 32),12,Western Kentucky,72,13,San Diego,63,0
2008,Second Round (Round of 32),3,Xavier,85,6,Purdue,78,0
2008,Second Round (Round of 32),7,West Virginia,73,2,Duke,67,0
2008,Sweet 16,1,North Carolina,68,4,Washington State,47,0
2008,Sweet 16,3,Louisville,79,2,Tennessee,60,0
2008,Sweet 16,1,Kansas,72,12,Villanova,57,0
2008,Sweet 16,10,Davidson,73,3,Wisconsin,56,0
2008,Sweet 16,1,Memphis,92,5,Michigan State,74,0
2008,Sweet 16,2,Texas,82,3,Stanford,62,0
2008,Sweet 16,1,UCLA,88,12,Western Kentucky,78,0
2008,Sweet 16,3,Xavier,79,7,West Virginia,75,1
2008,Elite Eight,1,North Carolina,83,3,Louisville,73,0
2008,Elite Eight,1,Kansas,59,10,Davidson,57,0
2008,Elite Eight,1,Memphis,85,2,Texas,67,0
2008,Elite Eight,1,UCLA,76,3,Xavier,57,0
2008,Final Four,1,Kansas,84,1,North Carolina,66,0
2008,Final Four,1,Memphis,78,1,UCLA,63,0
2008,National championship,1,Kansas,75,1,Memphis,68,1
2009,First Round (Round of 64),1,Pittsburgh,72,16,East Tennessee State,62,0
2009,First Round (Round of 64),8,Oklahoma State,77,9,Tennessee,75,0
2009,First Round (Round of 64),12,Wisconsin,61,5,Florida State,59,1
2009,First Round (Round of 64),4,Xavier,77,13,Portland State,59,0
2009,First Round (Round of 64),6,UCLA,65,11,VCU,64,0
2009,First Round (Round of 64),3,Villanova,80,14,American,67,0
2009,First Round (Round of 64),7,Texas,76,10,Minnesota,62,0
2009,First Round (Round of 64),2,Duke,86,15,Binghamton,62,0
2009,First Round (Round of 64),1,Louisville,74,16,Morehead State,54,0
2009,First Round (Round of 64),9,Siena,74,8,Ohio State,72,1
2009,First Round (Round of 64),12,Arizona,84,5,Utah,71,0
2009,First Round (Round of 64),13,Cleveland State,84,4,Wake Forest,69,0
2009,First Round (Round of 64),11,Dayton,68,6,West Virginia,60,0
2009,First Round (Round of 64),3,Kansas,84,14,North Dakota State,74,0
2009,First Round (Round of 64),10,USC,72,7,Boston College,55,0
2009,First Round (Round of 64),2,Michigan State,77,15,Robert Morris,62,0
2009,First Round (Round of 64),1,North Carolina,101,16,Radford,58,0
2009,First Round (Round of 64),8,LSU,75,9,Butler,71,0
2009,First Round (Round of 64),12,Western Kentucky,76,5,Illinois,72,0
2009,First Round (Round of 64),4,Gonzaga,77,13,Akron,64,0
2009,First Round (Round of 64),6,Arizona State,66,11,Temple,57,0
2009,First Round (Round of 64),3,Syracuse,59,14,Stephen F. Austin,44,0
2009,First Round (Round of 64),10,Michigan,62,7,Clemson,59,0
2009,First Round (Round of 64),2,Oklahoma,82,15,Morgan State,54,0
2009,First Round (Round of 64),1,UConn,103,16,Chattanooga,47,0
2009,First Round (Round of 64),9,Texas A&M,79,8,BYU,66,0
2009,First Round (Round of 64),5,Purdue,61,12,Northern Iowa,56,0
2009,First Round (Round of 64),4,Washington,71,13,Mississippi State,58,0
2009,First Round (Round of 64),6,Marquette,58,11,Utah State,57,0
2009,First Round (Round of 64),3,Missouri,78,14,Cornell,59,0
2009,First Round (Round of 64),10,Maryland,84,7,California,71,0
2009,First Round (Round of 64),2,Memphis,81,15,Cal State Northridge,70,0
2009,Second Round (Round of 32),1,Pittsburgh,84,8,Oklahoma State,76,0
2009,Second Round (Round of 32),4,Xavier,60,12,Wisconsin,49,0
2009,Second Round (Round of 32),3,Villanova,89,6,UCLA,69,0
2009,Second Round (Round of 32),2,Duke,74,7,Texas,69,0
2009,Second Round (Round of 32),1,Louisville,79,9,Siena,72,0
2009,Second Round (Round of 32),12,Arizona,71,13,Cleveland State,57,0
2009,Second Round (Round of 32),3,Kansas,60,11,Dayton,43,0
2009,Second Round (Round of 32),2,Michigan State,74,10,USC,69,0
2009,Second Round (Round of 32),1,North Carolina,84,8,LSU,70,0
2009,Second Round (Round of 32),4,Gonzaga,83,12,Western Kentucky,81,0
2009,Second Round (Round of 32),3,Syracuse,78,6,Arizona State,67,0
2009,Second Round (Round of 32),2,Oklahoma,73,10,Michigan,63,0
2009,Second Round (Round of 32),1,UConn,92,9,Texas A&M,66,0
2009,Second Round (Round of 32),5,Purdue,76,4,Washington,74,0
2009,Second Round (Round of 32),3,Missouri,83,6,Marquette,79,0
2009,Second Round (Round of 32),2,Memphis,89,10,Maryland,70,0
2009,Sweet 16,1,Pittsburgh,60,4,Xavier,55,0
2009,Sweet 16,3,Villanova,77,2,Duke,54,0
2009,Sweet 16,1,Louisville,103,12,Arizona,64,0
2009,Sweet 16,2,Michigan State,67,3,Kansas,62,0
2009,Sweet 16,1,North Carolina,98,4,Gonzaga,77,0
2009,Sweet 16,2,Oklahoma,84,3,Syracuse,71,0
2009,Sweet 16,1,UConn,72,5,Purdue,60,0
2009,Sweet 16,3,Missouri,102,2,Memphis,91,0
2009,Elite Eight,3,Villanova,78,1,Pittsburgh,76,0
2009,Elite Eight,2,Michigan State,64,1,Louisville,52,0
2009,Elite Eight,1,North Carolina,72,2,Oklahoma,60,0
2009,Elite Eight,1,UConn,82,3,Missouri,75,0
2009,"Final Four (Detroit, Michigan)",2,Michigan State,82,1,UConn,73,0
2009,"Final Four (Detroit, Michigan)",1,North Carolina,83,3,Villanova,69,0
2009,National championship,1,North Carolina,89,2,Michigan State,72,0
2010,Opening Round,16,Arkansas-Pine Bluff,61,16,Winthrop,44,0
2010,First Round (Round of 64),1,Kentucky,100,16,East Tennessee State,71,0
2010,First Round (Round of 64),2,West Virginia,77,15,Morgan State,50,0
2010,First Round (Round of 64),3,New Mexico,62,14,Montana,57,0
2010,First Round (Round of 64),4,Wisconsin,53,13,Wofford,49,0
2010,First Round (Round of 64),12,Cornell,78,5,Temple,65,0
2010,First Round (Round of 64),11,Washington,80,6,Marquette,78,0
2010,First Round (Round of 64),10,Missouri,86,7,Clemson,78,0
2010,First Round (Round of 64),9,Wake Forest,81,8,Texas,80,1
2010,First Round (Round of 64),1,Syracuse,79,16,Vermont,56,0
2010,First Round (Round of 64),2,Kansas State,82,15,North Texas,62,0
2010,First Round (Round of 64),3,Pittsburgh,89,14,Oakland,66,0
2010,First Round (Round of 64),13,Murray State,66,4,Vanderbilt,65,0
2010,First Round (Round of 64),5,Butler,77,12,UTEP,59,0
2010,First Round (Round of 64),6,Xavier,65,11,Minnesota,54,0
2010,First Round (Round of 64),7,BYU,99,10,Florida,92,1
2010,First Round (Round of 64),8,Gonzaga,67,9,Florida State,60,0
2010,First Round (Round of 64),1,Duke,73,16,Arkansas-Pine Bluff,44,0
2010,First Round (Round of 64),2,Villanova,73,15,Robert Morris,70,1
2010,First Round (Round of 64),3,Baylor,68,14,Sam Houston State,59,0
2010,First Round (Round of 64),4,Purdue,72,13,Siena,64,0
2010,First Round (Round of 64),5,Texas A&M,69,12,Utah State,53,0
2010,First Round (Round of 64),11,Old Dominion,51,6,Notre Dame,50,0
2010,First Round (Round of 64),10,Saint Mary's,80,7,Richmond,71,0
2010,First Round (Round of 64),8,California,77,9,Louisville,62,0
2010,First Round (Round of 64),1,Kansas,90,16,Lehigh,74,0
2010,First Round (Round of 64),2,Ohio State,68,15,UC Santa Barbara,51,0
2010,First Round (Round of 64),14,Ohio,97,3,Georgetown,84,0
2010,First Round (Round of 64),4,Maryland,89,13,Houston,77,0
2010,First Round (Round of 64),5,Michigan State,70,12,New Mexico State,67,0
2010,First Round (Round of 64),6,Tennessee,62,11,San Diego State,59,0
2010,First Round (Round of 64),10,Georgia Tech,64,7,Oklahoma State,59,0
2010,First Round (Round of 64),9,Northern Iowa,69,8,UNLV,66,0
2010,Second Round (Round of 32),1,Kentucky,90,9,Wake Forest,60,0
2010,Second Round (Round of 32),2,West Virginia,68,10,Missouri,59,0
2010,Second Round (Round of 32),11,Washington,82,3,New Mexico,64,0
2010,Second Round (Round of 32),12,Cornell,87,4,Wisconsin,69,0
2010,Second Round (Round of 32),1,Syracuse,87,8,Gonzaga,65,0
2010,Second Round (Round of 32),2,Kansas State,84,7,BYU,72,0
2010,Second Round (Round of 32),6,Xavier,71,3,Pittsburgh,68,0
2010,Second Round (Round of 32),5,Butler,54,13,Murray State,52,0
2010,Second Round (Round of 32),1,Duke,68,8,California,53,0
2010,Second Round (Round of 32),10,Saint Mary's,75,2,Villanova,68,0
2010,Second Round (Round of 32),3,Baylor,76,11,Old Dominion,68,0
2010,Second Round (Round of 32),4,Purdue,63,5,Texas A&M,61,1
2010,Second Round (Round of 32),9,Northern Iowa,69,1,Kansas,67,0
2010,Second Round (Round of 32),2,Ohio State,75,10,Georgia Tech,66,0
2010,Second Round (Round of 32),6,Tennessee,83,14,Ohio,68,0
2010,Second Round (Round of 32),5,Michigan State,85,4,Maryland,83,0
2010,Sweet 16,1,Kentucky,62,12,Cornell,45,0
2010,Sweet 16,2,West Virginia,69,11,Washington,56,0
2010,Sweet 16,5,Butler,63,1,Syracuse,59,0
2010,Sweet 16,2,Kansas State,101,6,Xavier,96,1
2010,Sweet 16,1,Duke,70,4,Purdue,57,0
2010,Sweet 16,3,Baylor,72,10,Saint Mary's,49,0
2010,Sweet 16,5,Michigan State,59,9,Northern Iowa,52,0
2010,Sweet 16,6,Tennessee,76,2,Ohio State,73,0
2010,Elite Eight,2,West Virginia,73,1,Kentucky,66,0
2010,Elite Eight,5,Butler,63,2,Kansas State,56,0
2010,Elite Eight,1,Duke,78,3,Baylor,71,0
2010,Elite Eight,5,Michigan State,70,6,Tennessee,69,0
2010,"Final Four (Indianapolis, Indiana)",1,Duke,78,2,West Virginia,57,0
2010,"Final Four (Indianapolis, Indiana)",5,Butler,52,5,Michigan State,50,0
2010,National championship,1,Duke,61,5,Butler,59,0
2011,First Four,16,UNC Asheville,81,16,Arkansas-Little Rock,77,1
2011,First Four,12,Clemson,70,12,UAB,52,0
2011,First Four,16,UTSA,70,16,Alabama State,61,0
2011,First Four,11,VCU,59,11,USC,46,0
2011,Second Round (Round of 64),1,Ohio State,75,16,UTSA,46,0
2011,Second Round (Round of 64),2,North Carolina,102,15,Long Island,87,0
2011,Second Round (Round of 64),3,Syracuse,77,14,Indiana State,60,0
2011,Second Round (Round of 64),4,Kentucky,59,13,Princeton,57,0
2011,Second Round (Round of 64),5,West Virginia,84,12,Clemson,76,0
2011,Second Round (Round of 64),11,Marquette,66,6,Xavier,55,0
2011,Second Round (Round of 64),7,Washington,68,10,Georgia,65,0
2011,Second Round (Round of 64),8,George Mason,61,9,Villanova,57,0
2011,Second Round (Round of 64),1,Duke,87,16,Hampton,45,0
2011,Second Round (Round of 64),2,San Diego State,68,15,Northern Colorado,50,0
2011,Second Round (Round of 64),3,UConn,81,14,Bucknell,52,0
2011,Second Round (Round of 64),4,Texas,85,13,Oakland,81,0
2011,Second Round (Round of 64),5,Arizona,77,12,Memphis,75,0
2011,Second Round (Round of 64),6,Cincinnati,78,11,Missouri,63,0
2011,Second Round (Round of 64),7,Temple,66,10,Penn State,64,0
2011,Second Round (Round of 64),8,Michigan,75,9,Tennessee,45,0
2011,Second Round (Round of 64),1,Kansas,72,16,Boston University,53,0
2011,Second Round (Round of 64),2,Notre Dame,69,15,Akron,56,0
2011,Second Round (Round of 64),3,Purdue,65,14,Saint Peter's,43,0
2011,Second Round (Round of 64),13,Morehead State,62,4,Louisville,61,0
2011,Second Round (Round of 64),12,Richmond,69,5,Vanderbilt,66,0
2011,Second Round (Round of 64),11,VCU,74,6,Georgetown,56,0
2011,Second Round (Round of 64),10,Florida State,57,7,Texas A&M,50,0
2011,Second Round (Round of 64),9,Illinois,73,8,UNLV,62,0
2011,Second Round (Round of 64),1,Pitt,74,16,UNC Asheville,51,0
2011,Second Round (Round of 64),2,Florida,79,15,UC Santa Barbara,51,0
2011,Second Round (Round of 64),3,BYU,74,14,Wofford,66,0
2011,Second Round (Round of 64),4,Wisconsin,72,13,Belmont,58,0
2011,Second Round (Round of 64),5,Kansas State,73,12,Utah State,68,0
2011,Second Round (Round of 64),11,Gonzaga,86,6,St. John's,71,0
2011,Second Round (Round of 64),7,UCLA,78,10,Michigan State,76,0
2011,Second Round (Round of 64),8,Butler,60,9,Old Dominion,58,0
2011,Third Round (Round of 32),1,Ohio State,98,8,George Mason,66,0
2011,Third Round (Round of 32),2,North Carolina,86,7,Washington,83,0
2011,Third Round (Round of 32),11,Marquette,66,3,Syracuse,62,0
2011,Third Round (Round of 32),4,Kentucky,71,5,West Virginia,73,0
2011,Third Round (Round of 32),1,Duke,73,8,Michigan,71,0
2011,Third Round (Round of 32),2,San Diego State,71,7,Temple,64,1
2011,Third Round (Round of 32),3,UConn,69,6,Cincinnati,58,0
2011,Third Round (Round of 32),5,Arizona,70,4,Texas,69,0
2011,Third Round (Round of 32),1,Kansas,73,9,Illinois,59,0
2011,Third Round (Round of 32),10,Florida State,71,2,Notre Dame,57,0
2011,Third Round (Round of 32),11,VCU,94,3,Purdue,76,0
2011,Third Round (Round of 32),12,Richmond,65,13,Morehead State,48,0
2011,Third Round (Round of 32),8,Butler,71,1,Pitt,70,0
2011,Third Round (Round of 32),2,Florida,73,7,UCLA,65,0
2011,Third Round (Round of 32),3,BYU,89,11,Gonzaga,67,0
2011,Third Round (Round of 32),4,Wisconsin,70,5,Kansas State,65,0
2011,Sweet 16,4,Kentucky,62,1,Ohio State,60,0
2011,Sweet 16,2,North Carolina,81,11,Marquette,63,0
2011,Sweet 16,5,Arizona,93,1,Duke,77,0
2011,Sweet 16,3,UConn,74,2,San Diego State,67,0
2011,Sweet 16,1,Kansas,77,12,Richmond,57,0
2011,Sweet 16,11,VCU,72,10,Florida State,71,1
2011,Sweet 16,8,Butler,61,4,Wisconsin,54,0
2011,Sweet 16,2,Florida,83,3,BYU,74,1
2011,Elite Eight,4,Kentucky,76,2,North Carolina,69,0
2011,Elite Eight,3,UConn,65,5,Arizona,63,0
2011,Elite Eight,11,VCU,71,1,Kansas,61,0
2011,Elite Eight,8,Butler,74,2,Florida,71,1
2011,"Final Four (Houston, Texas)",3,UConn,56,4,Kentucky,55,0
2011,"Final Four (Houston, Texas)",8,Butler,70,11,VCU,62,0
2011,National championship,3,UConn,53,8,Butler,41,0
2012,First Four,16,Western Kentucky,59,16,Mississippi Valley State,58,0
2012,First Four,14,BYU,78,14,Iona,72,0
2012,First Four,16,Vermont,71,16,Lamar,59,0
2012,First Four,12,South Florida,65,12,California,54,0
2012,First Four,12,South Florida,65,12,California,54,0
2012,First Round (Round of 64),1,Syracuse,72,16,UNC Asheville,65,0
2012,First Round (Round of 64),2,Ohio State,78,15,Loyola (Md.),59,0
2012,First Round (Round of 64),3,Florida State,66,14,St. Bonaventure,63,0
2012,First Round (Round of 64),4,Wisconsin,73,13,Montana,49,0
2012,First Round (Round of 64),5,Vanderbilt,79,12,Harvard,70,0
2012,First Round (Round of 64),6,Cincinnati,65,11,Texas,59,0
2012,First Round (Round of 64),7,Gonzaga,77,10,West Virginia,54,0
2012,First Round (Round of 64),8,Kansas State,70,9,Southern Miss,64,0
2012,First Round (Round of 64),1,Michigan State,89,16,Long Island,67,0
2012,First Round (Round of 64),15,Norfolk State,86,2,Missouri,84,0
2012,First Round (Round of 64),3,Marquette,88,14,BYU,68,0
2012,First Round (Round of 64),4,Louisville,69,13,Davidson,62,0
2012,First Round (Round of 64),5,New Mexico,75,12,Long Beach State,68,0
2012,First Round (Round of 64),6,Murray State,58,11,Colorado State,41,0
2012,First Round (Round of 64),7,Florida,71,10,Virginia,45,0
2012,First Round (Round of 64),9,Saint Louis,61,8,Memphis,54,0
2012,First Round (Round of 64),1,Kentucky,81,16,Western Kentucky,66,0
2012,First Round (Round of 64),15,Lehigh,75,2,Duke,70,0
2012,First Round (Round of 64),3,Baylor,68,14,South Dakota State,60,0
2012,First Round (Round of 64),4,Indiana,79,13,New Mexico State,66,0
2012,First Round (Round of 64),12,VCU,62,5,Wichita State,59,0
2012,First Round (Round of 64),11,Colorado,68,6,UNLV,64,0
2012,First Round (Round of 64),10,Xavier,67,7,Notre Dame,63,0
2012,First Round (Round of 64),8,Iowa State,77,9,UConn,64,0
2012,First Round (Round of 64),1,North Carolina,77,16,Vermont,58,0
2012,First Round (Round of 64),2,Kansas,65,15,Detroit,50,0
2012,First Round (Round of 64),3,Georgetown,74,14,Belmont,59,0
2012,First Round (Round of 64),13,Ohio,65,4,Michigan,60,0
2012,First Round (Round of 64),12,South Florida,58,5,Temple,44,0
2012,First Round (Round of 64),11,NC State,79,6,San Diego State,65,0
2012,First Round (Round of 64),10,Purdue,72,7,Saint Mary's,69,0
2012,First Round (Round of 64),8,Creighton,58,7,Alabama,57,0
2012,Second Round (Round of 32),1,Syracuse,75,8,Kansas State,59,0
2012,Second Round (Round of 32),2,Ohio State,73,7,Gonzaga,66,0
2012,Second Round (Round of 32),6,Cincinnati,62,3,Florida State,56,0
2012,Second Round (Round of 32),4,Wisconsin,60,5,Vanderbilt,57,0
2012,Second Round (Round of 32),1,Michigan State,65,9,Saint Louis,61,0
2012,Second Round (Round of 32),7,Florida,84,15,Norfolk State,50,0
2012,Second Round (Round of 32),3,Marquette,62,6,Murray State,53,0
2012,Second Round (Round of 32),4,Louisville,59,5,New Mexico,56,0
2012,Second Round (Round of 32),1,Kentucky,87,8,Iowa State,71,0
2012,Second Round (Round of 32),7,Xavier,70,15,Lehigh,58,0
2012,Second Round (Round of 32),3,Baylor,80,11,Colorado,63,0
2012,Second Round (Round of 32),4,Indiana,63,12,VCU,61,0
2012,Second Round (Round of 32),1,North Carolina,87,8,Creighton,73,0
2012,Second Round (Round of 32),2,Kansas,63,10,Purdue,60,0
2012,Second Round (Round of 32),11,NC State,66,3,Georgetown,63,0
2012,Second Round (Round of 32),13,Ohio,62,12,South Florida,56,0
2012,Sweet 16,1,Syracuse,64,4,Wisconsin,63,0
2012,Sweet 16,2,Ohio State,81,6,Cincinnati,66,0
2012,Sweet 16,4,Louisville,57,1,Michigan State,44,0
2012,Sweet 16,7,Florida,68,3,Marquette,58,0
2012,Sweet 16,1,Kentucky,102,4,Indiana,90,0
2012,Sweet 16,3,Baylor,75,7,Xavier,70,0
2012,Sweet 16,1,North Carolina,73,13,Ohio,65,1
2012,Sweet 16,2,Kansas,60,11,NC State,57,0
2012,Elite Eight,2,Ohio State,77,1,Syracuse,70,0
2012,Elite Eight,4,Louisville,72,7,Florida,68,0
2012,Elite Eight,1,Kentucky,82,3,Baylor,70,0
2012,Elite Eight,2,Kansas,80,1,North Carolina,67,0
2012,"Final Four (New Orleans, Louisiana)",1,Kentucky,69,4,Louisville,61,0
2012,"Final Four (New Orleans, Louisiana)",2,Kansas,64,2,Ohio State,62,0
2012,National championship,1,Kentucky,67,2,Kansas,59,0
2013,First Four,16,North Carolina A&T,73,16,Liberty,72,0
2013,First Four,11,Saint Mary's,67,11,Middle Tennessee,54,0
2013,First Four,16,James Madison,68,16,Long Island,55,0
2013,First Four,13,La Salle,80,13,Boise State,71,0
2013,First Round (Round of 64),1,Louisville,79,16,North Carolina A&T,48,0
2013,First Round (Round of 64),2,Duke,73,15,Albany,61,0
2013,First Round (Round of 64),3,Michigan State,65,14,Valparaiso,54,0
2013,First Round (Round of 64),4,Saint Louis,64,13,New Mexico State,44,0
2013,First Round (Round of 64),12,Oregon,68,5,Oklahoma State,55,0
2013,First Round (Round of 64),6,Memphis,54,11,Saint Mary's,52,0
2013,First Round (Round of 64),7,Creighton,67,10,Cincinnati,63,0
2013,First Round (Round of 64),8,Colorado State,84,9,Missouri,72,0
2013,First Round (Round of 64),1,Gonzaga,64,16,Southern,58,0
2013,First Round (Round of 64),2,Ohio State,95,15,Iona,70,0
2013,First Round (Round of 64),14,Harvard,68,3,New Mexico,62,0
2013,First Round (Round of 64),13,La Salle,63,4,Kansas State,61,0
2013,First Round (Round of 64),12,Ole Miss,57,5,Wisconsin,46,0
2013,First Round (Round of 64),6,Arizona,81,11,Belmont,64,0
2013,First Round (Round of 64),10,Iowa State,76,7,Notre Dame,58,0
2013,First Round (Round of 64),9,Wichita State,73,8,Pittsburgh,55,0
2013,First Round (Round of 64),1,Indiana,83,16,James Madison,62,0
2013,First Round (Round of 64),2,Miami (Fla.),78,15,Pacific,49,0
2013,First Round (Round of 64),3,Marquette,59,14,Davidson,58,0
2013,First Round (Round of 64),4,Syracuse,81,13,Montana,34,0
2013,First Round (Round of 64),12,California,64,5,UNLV,61,0
2013,First Round (Round of 64),6,Butler,68,11,Bucknell,56,0
2013,First Round (Round of 64),7,Illinois,57,10,Colorado,49,0
2013,First Round (Round of 64),9,Temple,76,8,NC State,72,0
2013,First Round (Round of 64),1,Kansas,64,16,Western Kentucky,57,0
2013,First Round (Round of 64),15,Florida Gulf Coast,78,2,Georgetown,68,0
2013,First Round (Round of 64),3,Florida,79,14,Northwestern State,47,0
2013,First Round (Round of 64),4,Michigan,71,13,South Dakota State,56,0
2013,First Round (Round of 64),5,VCU,88,4,Akron,42,0
2013,First Round (Round of 64),11,Minnesota,83,6,UCLA,63,0
2013,First Round (Round of 64),7,San Diego State,70,10,Oklahoma,55,0
2013,First Round (Round of 64),8,North Carolina,78,9,Villanova,71,0
2013,Second Round (Round of 32),1,Louisville,82,8,Colorado State,56,0
2013,Second Round (Round of 32),2,Duke,66,7,Creighton,50,0
2013,Second Round (Round of 32),3,Michigan State,70,6,Memphis,48,0
2013,Second Round (Round of 32),12,Oregon,74,4,Saint Louis,57,0
2013,Second Round (Round of 32),9,Wichita State,76,1,Gonzaga,70,0
2013,Second Round (Round of 32),2,Ohio State,78,10,Iowa State,75,0
2013,Second Round (Round of 32),6,Arizona,74,14,Harvard,51,0
2013,Second Round (Round of 32),13,La Salle,76,12,Ole Miss,74,0
2013,Second Round (Round of 32),1,Indiana,58,9,Temple,52,0
2013,Second Round (Round of 32),2,Miami (Fla.),63,7,Illinois,59,0
2013,Second Round (Round of 32),3,Marquette,74,6,Butler,72,0
2013,Second Round (Round of 32),4,Syracuse,66,12,California,60,0
2013,Second Round (Round of 32),1,Kansas,70,8,North Carolina,58,0
2013,Second Round (Round of 32),15,Florida Gulf Coast,81,7,San Diego State,71,0
2013,Second Round (Round of 32),3,Florida,78,11,Minnesota,64,0
2013,Second Round (Round of 32),4,Michigan,78,5,VCU,53,0
2013,Sweet 16,1,Louisville,77,12,Oregon,69,0
2013,Sweet 16,2,Duke,71,3,Michigan State,61,0
2013,Sweet 16,9,Wichita State,72,13,La Salle,58,0
2013,Sweet 16,2,Ohio State,73,6,Arizona,70,0
2013,Sweet 16,4,Syracuse,61,1,Indiana,50,0
2013,Sweet 16,3,Marquette,71,2,Miami (Fla.),61,0
2013,Sweet 16,4,Michigan,87,1,Kansas,85,1
2013,Sweet 16,3,Florida,62,15,Florida Gulf Coast,50,0
2013,Elite Eight,1,Louisville,85,2,Duke,63,0
2013,Elite Eight,9,Wichita State,70,2,Ohio State,66,0
2013,Elite Eight,4,Syracuse,55,3,Marquette,39,0
2013,Elite Eight,4,Michigan,79,3,Florida,59,0
2013,"Final Four (Indianapolis, Indiana)",1,Louisville,72,9,Wichita State,68,0
2013,"Final Four (Indianapolis, Indiana)",4,Michigan,61,4,Syracuse,56,0
2013,National championship,1,Louisville,82,4,Michigan,76,0
2014,First Four,16,Albany,71,16,Mount St. Mary's,64,0
2014,First Four,16,Cal Poly,81,16,Texas Southern,69,0
2014,First Four,12,NC State,74,12,Xavier,59,0
2014,First Four,11,Tennessee,78,11,Iowa,65,0
2014,First Round (Round of 64),1,Wichita State,64,16,Cal Poly,37,0
2014,First Round (Round of 64),2,Michigan,57,15,Wofford,40,0
2014,First Round (Round of 64),14,Mercer,78,3,Duke,71,0
2014,First Round (Round of 64),4,Louisville,71,13,Manhattan,64,0
2014,First Round (Round of 64),5,Saint Louis,83,12,NC State,80,1
2014,First Round (Round of 64),11,Tennessee,86,6,UMass,67,0
2014,First Round (Round of 64),7,Texas,87,10,Arizona State,85,0
2014,First Round (Round of 64),8,Kentucky,56,9,Kansas State,49,0
2014,First Round (Round of 64),1,Arizona,68,16,Weber State,59,0
2014,First Round (Round of 64),2,Wisconsin,75,15,American,35,0
2014,First Round (Round of 64),3,Creighton,76,14,Louisiana,66,0
2014,First Round (Round of 64),4,San Diego State,73,13,New Mexico State,69,1
2014,First Round (Round of 64),12,North Dakota State,80,5,Oklahoma,75,0
2014,First Round (Round of 64),6,Baylor,74,11,Nebraska,60,0
2014,First Round (Round of 64),7,Oregon,87,10,BYU,68,0
2014,First Round (Round of 64),8,Gonzaga,85,9,Oklahoma State,77,0
2014,First Round (Round of 64),1,Virginia,70,16,Coastal Carolina,59,0
2014,First Round (Round of 64),2,Villanova,73,15,Milwaukee,53,0
2014,First Round (Round of 64),3,Iowa State,93,14,North Carolina Central,75,0
2014,First Round (Round of 64),4,Michigan State,93,13,Delaware,78,0
2014,First Round (Round of 64),12,Harvard,61,5,Cincinnati,57,0
2014,First Round (Round of 64),6,North Carolina,79,11,Providence,77,0
2014,First Round (Round of 64),7,UConn,89,10,Saint Joseph's,81,1
2014,First Round (Round of 64),8,Memphis,71,9,George Washington,66,0
2014,First Round (Round of 64),1,Florida,67,16,Albany,55,0
2014,First Round (Round of 64),2,Kansas,80,15,Eastern Kentucky,69,0
2014,First Round (Round of 64),3,Syracuse,77,14,Western Michigan,53,0
2014,First Round (Round of 64),4,UCLA,76,13,Tulsa,59,0
2014,First Round (Round of 64),12,Stephen F. Austin,77,5,VCU,75,1
2014,First Round (Round of 64),11,Dayton,60,6,Ohio State,59,0
2014,First Round (Round of 64),10,Stanford,58,7,New Mexico,53,0
2014,First Round (Round of 64),9,Pittsburgh,77,8,Colorado,48,0
2014,Second Round (Round of 32),8,Kentucky,78,1,Wichita State,76,0
2014,Second Round (Round of 32),2,Michigan,79,7,Texas,65,0
2014,Second Round (Round of 32),11,Tennessee,83,14,Mercer,63,0
2014,Second Round (Round of 32),4,Louisville,66,5,Saint Louis,51,0
2014,Second Round (Round of 32),1,Arizona,84,8,Gonzaga,61,0
2014,Second Round (Round of 32),2,Wisconsin,85,7,Oregon,77,0
2014,Second Round (Round of 32),6,Baylor,85,3,Creighton,55,0
2014,Second Round (Round of 32),4,San Diego State,63,12,North Dakota State,44,0
2014,Second Round (Round of 32),1,Virginia,78,8,Memphis,60,0
2014,Second Round (Round of 32),7,UConn,77,7,Villanova,65,0
2014,Second Round (Round of 32),6,Iowa State,85,6,North Carolina,83,0
2014,Second Round (Round of 32),4,Michigan State,80,12,Harvard,73,0
2014,Second Round (Round of 32),1,Florida,61,9,Pittsburgh,45,0
2014,Second Round (Round of 32),10,Stanford,60,2,Kansas,57,0
2014,Second Round (Round of 32),11,Dayton,55,3,Syracuse,53,0
2014,Second Round (Round of 32),4,UCLA,77,12,Stephen F. Austin,65,0
2014,Sweet 16,8,Kentucky,74,4,Louisville,69,0
2014,Sweet 16,2,Michigan,73,11,Tennessee,71,0
2014,Sweet 16,1,Arizona,70,4,San Diego State,64,0
2014,Sweet 16,2,Wisconsin,69,6,Baylor,52,0
2014,Sweet 16,4,Michigan State,61,1,Virginia,59,0
2014,Sweet 16,7,UConn,81,3,Iowa State,76,0
2014,Sweet 16,1,Florida,79,4,UCLA,68,0
2014,Sweet 16,11,Dayton,82,10,Stanford,72,0
2014,Elite Eight,8,Kentucky,75,2,Michigan,72,0
2014,Elite Eight,2,Wisconsin,64,1,Arizona,63,1
2014,Elite Eight,7,UConn,60,4,Michigan State,54,0
2014,Elite Eight,1,Florida,62,11,Dayton,52,0
2014,"Final Four (Indianapolis, Indiana)",7,UConn,63,1,Florida,53,0
2014,"Final Four (Indianapolis, Indiana)",8,Kentucky,74,2,Wisconsin,73,0
2014,National championship,7,UConn,60,8,Kentucky,54,0
2015,First Four,11,Dayton,56,11,Boise State,55,0
2015,First Four,16,Robert Morris,81,16,North Florida,77,0
2015,First Four,11,Ole Miss,94,11,BYU,90,0
2015,First Four,16,Hampton,74,16,Manhattan,64,0
2015,First Round (Round of 64),1,Kentucky,79,16,Hampton,56,0
2015,First Round (Round of 64),2,Kansas,75,15,New Mexico State,56,0
2015,First Round (Round of 64),3,Notre Dame,69,14,Northeastern,65,0
2015,First Round (Round of 64),4,Maryland,65,13,Valparaiso,62,0
2015,First Round (Round of 64),5,West Virginia,68,12,Buffalo,62,0
2015,First Round (Round of 64),6,Butler,56,11,Texas,48,0
2015,First Round (Round of 64),7,Wichita State,81,10,Indiana,76,0
2015,First Round (Round of 64),8,Cincinnati,66,9,Purdue,65,1
2015,First Round (Round of 64),1,Wisconsin,86,16,Coastal Carolina,72,0
2015,First Round (Round of 64),2,Arizona,93,15,Texas Southern,72,0
2015,First Round (Round of 64),14,Georgia State,57,3,Baylor,56,0
2015,First Round (Round of 64),4,North Carolina,67,13,Harvard,65,0
2015,First Round (Round of 64),5,Arkansas,56,12,Wofford,53,0
2015,First Round (Round of 64),6,Xavier,76,11,Ole Miss,57,0
2015,First Round (Round of 64),10,Ohio State,75,7,VCU,72,1
2015,First Round (Round of 64),8,Oregon,79,9,Oklahoma State,73,0
2015,First Round (Round of 64),1,Villanova,93,16,Lafayette,52,0
2015,First Round (Round of 64),2,Virginia,79,15,Belmont,67,0
2015,First Round (Round of 64),3,Oklahoma,69,14,Albany,60,0
2015,First Round (Round of 64),4,Louisville,57,13,UC Irvine,55,0
2015,First Round (Round of 64),5,Northern Iowa,71,12,Wyoming,54,0
2015,First Round (Round of 64),11,Dayton,66,6,Providence,53,0
2015,First Round (Round of 64),7,Michigan State,70,10,Georgia,63,0
2015,First Round (Round of 64),8,NC State,66,9,LSU,65,0
2015,First Round (Round of 64),1,Duke,85,16,Robert Morris,56,0
2015,First Round (Round of 64),2,Gonzaga,86,15,North Dakota State,76,0
2015,First Round (Round of 64),14,UAB,60,3,Iowa State,59,0
2015,First Round (Round of 64),4,Georgetown,84,13,Eastern Washington,74,0
2015,First Round (Round of 64),5,Utah,57,12,Stephen F. Austin,50,0
2015,First Round (Round of 64),11,UCLA,60,6,SMU,59,0
2015,First Round (Round of 64),7,Iowa,83,10,Davidson,52,0
2015,First Round (Round of 64),8,San Diego State,76,9,St. John's,64,0
2015,Second Round (Round of 32),1,Kentucky,64,8,Cincinnati,51,0
2015,Second Round (Round of 32),7,Wichita State,78,2,Kansas,65,0
2015,Second Round (Round of 32),3,Notre Dame,67,6,Butler,64,1
2015,Second Round (Round of 32),5,West Virginia,69,4,Maryland,59,0
2015,Second Round (Round of 32),1,Wisconsin,72,8,Oregon,65,0
2015,Second Round (Round of 32),2,Arizona,73,10,Ohio State,58,0
2015,Second Round (Round of 32),6,Xavier,75,14,Georgia State,67,0
2015,Second Round (Round of 32),4,North Carolina,87,5,Arkansas,78,0
2015,Second Round (Round of 32),8,NC State,71,1,Villanova,68,0
2015,Second Round (Round of 32),7,Michigan State,60,2,Virginia,54,0
2015,Second Round (Round of 32),3,Oklahoma,72,11,Dayton,66,0
2015,Second Round (Round of 32),4,Louisville,66,5,Northern Iowa,53,0
2015,Second Round (Round of 32),1,Duke,68,8,San Diego State,49,0
2015,Second Round (Round of 32),2,Gonzaga,87,7,Iowa,68,0
2015,Second Round (Round of 32),11,UCLA,92,14,UAB,75,0
2015,Second Round (Round of 32),5,Utah,75,4,Georgetown,64,0
2015,Sweet 16,1,Kentucky,78,5,West Virginia,39,0
2015,Sweet 16,3,Notre Dame,81,7,Wichita State,70,0
2015,Sweet 16,1,Wisconsin,79,4,North Carolina,72,0
2015,Sweet 16,2,Arizona,68,6,Xavier,60,0
2015,Sweet 16,4,Louisville,75,8,NC State,65,0
2015,Sweet 16,7,Michigan State,62,3,Oklahoma,58,0
2015,Sweet 16,1,Duke,63,5,Utah,57,0
2015,Sweet 16,2,Gonzaga,74,11,UCLA,62,0
2015,Elite Eight,1,Kentucky,68,3,Notre Dame,66,0
2015,Elite Eight,1,Wisconsin,85,2,Arizona,78,0
2015,Elite Eight,7,Michigan State,76,4,Louisville,70,1
2015,Elite Eight,1,Duke,66,2,Gonzaga,52,0
2015,"Final Four (Indianapolis, Indiana)",1,Duke,81,7,Michigan State,61,0
2015,"Final Four (Indianapolis, Indiana)",1,Wisconsin,71,1,Kentucky,64,0
2015,National championship,1,Duke,68,1,Wisconsin,63,0
2016,First Four,16,Florida Gulf Coast,96,16,Fairleigh Dickinson,65,0
2016,First Four,11,Michigan,67,11,Tulsa,62,0
2016,First Four,16,Holy Cross,59,16,Southern,55,0
2016,First Four,11,Wichita State,70,11,Vanderbilt,50,0
2016,First Round (Round of 64),1,North Carolina,83,16,Florida Gulf Coast,67,0
2016,First Round (Round of 64),2,Xavier,71,15,Weber State,53,0
2016,First Round (Round of 64),14,Stephen F. Austin,70,3,West Virginia,56,0
2016,First Round (Round of 64),4,Kentucky,85,13,Stony Brook,57,0
2016,First Round (Round of 64),5,Indiana,99,12,Chattanooga,74,0
2016,First Round (Round of 64),6,Notre Dame,70,11,Michigan,63,0
2016,First Round (Round of 64),7,Wisconsin,47,10,Pittsburgh,43,0
2016,First Round (Round of 64),9,Providence,70,8,Southern California,69,0
2016,First Round (Round of 64),1,Oregon,91,16,Holy Cross,52,0
2016,First Round (Round of 64),2,Oklahoma,82,15,Cal State Bakersfield,68,0
2016,First Round (Round of 64),3,Texas A&M,92,14,Green Bay,65,0
2016,First Round (Round of 64),4,Duke,93,13,UNC Wilmington,85,0
2016,First Round (Round of 64),12,Yale,79,5,Baylor,75,0
2016,First Round (Round of 64),11,Northern Iowa,75,6,Texas,72,0
2016,First Round (Round of 64),10,VCU,75,7,Oregon State,67,0
2016,First Round (Round of 64),8,Saint Joseph's,78,9,Cincinnati,76,0
2016,First Round (Round of 64),1,Kansas,105,16,Austin Peay,79,0
2016,First Round (Round of 64),2,Villanova,86,15,UNC Asheville,56,0
2016,First Round (Round of 64),3,Miami (Fla.),79,14,Buffalo,72,0
2016,First Round (Round of 64),13,Hawai'i,77,4,California,66,0
2016,First Round (Round of 64),5,Maryland,79,12,South Dakota State,74,0
2016,First Round (Round of 64),11,Wichita State,65,6,Arizona,55,0
2016,First Round (Round of 64),7,Iowa,72,10,Temple,70,1
2016,First Round (Round of 64),9,UConn,74,8,Colorado,67,0
2016,First Round (Round of 64),1,Virginia,81,16,Hampton,45,0
2016,First Round (Round of 64),15,Middle Tennessee,90,2,Michigan State,81,0
2016,First Round (Round of 64),3,Utah,80,14,Fresno State,69,0
2016,First Round (Round of 64),4,Iowa State,94,13,Iona,81,0
2016,First Round (Round of 64),12,Little Rock,85,5,Purdue,83,1
2016,First Round (Round of 64),11,Gonzaga,68,6,Seton Hall,52,0
2016,First Round (Round of 64),10,Syracuse,70,7,Dayton,51,0
2016,First Round (Round of 64),9,Butler,71,8,Texas Tech,61,0
2016,Second Round (Round of 32),1,North Carolina,85,9,Providence,66,0
2016,Second Round (Round of 32),7,Wisconsin,66,2,Xavier,63,0
2016,Second Round (Round of 32),5,Indiana,73,4,Kentucky,67,0
2016,Second Round (Round of 32),6,Notre Dame,76,14,Stephen F. Austin,75,0
2016,Second Round (Round of 32),1,Oregon,69,8,Saint Joseph's,64,0
2016,Second Round (Round of 32),2,Oklahoma,85,10,VCU,81,0
2016,Second Round (Round of 32),3,Texas A&M,92,11,Northern Iowa,88,1
2016,Second Round (Round of 32),4,Duke,71,12,Yale,64,0
2016,Second Round (Round of 32),1,Kansas,73,9,UConn,61,0
2016,Second Round (Round of 32),2,Villanova,87,7,Iowa,68,0
2016,Second Round (Round of 32),3,Miami (Fla.),65,11,Wichita State,57,0
2016,Second Round (Round of 32),5,Maryland,73,13,Hawai'i,60,0
2016,Second Round (Round of 32),1,Virginia,77,9,Butler,69,0
2016,Second Round (Round of 32),11,Gonzaga,82,3,Utah,59,0
2016,Second Round (Round of 32),4,Iowa State,78,12,Little Rock,61,0
2016,Second Round (Round of 32),10,Syracuse,75,15,Middle Tennessee,50,0
2016,Sweet 16,1,North Carolina,101,5,Indiana,86,0
2016,Sweet 16,6,Notre Dame,61,7,Wisconsin,56,0
2016,Sweet 16,1,Oregon,82,4,Duke,68,0
2016,Sweet 16,2,Oklahoma,77,3,Texas A&M,63,0
2016,Sweet 16,1,Kansas,79,5,Maryland,63,0
2016,Sweet 16,2,Villanova,92,3,Miami (Fla.),69,0
2016,Sweet 16,1,Virginia,84,4,Iowa State,71,0
2016,Sweet 16,10,Syracuse,63,11,Gonzaga,60,0
2016,Elite Eight,1,North Carolina,88,6,Notre Dame,74,0
2016,Elite Eight,2,Oklahoma,80,1,Oregon,68,0
2016,Elite Eight,2,Villanova,64,1,Kansas,59,0
2016,Elite Eight,10,Syracuse,68,1,Virginia,62,0
2016,"Final Four (Houston, Texas)",1,North Carolina,83,10,Syracuse,66,0
2016,"Final Four (Houston, Texas)",2,Villanova,95,2,Oklahoma,51,0
2016,National championship,2,Villanova,77,1,North Carolina,74,0
2017,First Four,16,Mount St. Mary's,67,16,New Orleans,66,0
2017,First Four,11,Southern California,75,11,Providence,71,0
2017,First Four,16,UC Davis,67,16,N.C. Central,63,0
2017,First Four,11,Kansas State,95,11,Wake Forest,88,0
2017,First Round (Round of 64),1,Villanova,76,16,Mount St. Mary's,56,0
2017,First Round (Round of 64),2,Duke,87,15,Troy,65,0
2017,First Round (Round of 64),3,Baylor,91,14,New Mexico State,73,0
2017,First Round (Round of 64),4,Florida,80,13,East Tennessee State,65,0
2017,First Round (Round of 64),5,Virginia,76,12,UNC Wilmington,71,0
2017,First Round (Round of 64),11,Southern California,66,6,SMU,65,0
2017,First Round (Round of 64),7,South Carolina,93,10,Marquette,73,0
2017,First Round (Round of 64),8,Wisconsin,84,9,Virginia Tech,74,0
2017,First Round (Round of 64),1,Gonzaga,66,16,South Dakota State,46,0
2017,First Round (Round of 64),2,Arizona,100,15,North Dakota,82,0
2017,First Round (Round of 64),3,Florida State,86,14,Florida Gulf Coast,80,0
2017,First Round (Round of 64),4,West Virginia,86,13,Bucknell,80,0
2017,First Round (Round of 64),5,Notre Dame,60,12,Princeton,58,0
2017,First Round (Round of 64),11,Xavier,76,6,Maryland,65,0
2017,First Round (Round of 64),7,Saint Mary's,85,10,VCU,77,0
2017,First Round (Round of 64),8,Northwestern,68,9,Vanderbilt,66,0
2017,First Round (Round of 64),1,North Carolina,103,16,Texas Southern,64,0
2017,First Round (Round of 64),2,Kentucky,79,15,Northern Kentucky,70,0
2017,First Round (Round of 64),3,UCLA,97,14,Kent State,80,0
2017,First Round (Round of 64),4,Butler,76,4,Winthrop,64,0
2017,First Round (Round of 64),12,Middle Tennessee,81,5,Minnesota,72,0
2017,First Round (Round of 64),6,Cincinnati,75,11,Kansas State,61,0
2017,First Round (Round of 64),10,Wichita State,64,7,Dayton,58,0
2017,First Round (Round of 64),8,Arkansas,77,9,Seton Hall,71,0
2017,First Round (Round of 64),1,Kansas,100,16,UC Davis,62,0
2017,First Round (Round of 64),2,Louisville,78,15,Jacksonville State,63,0
2017,First Round (Round of 64),3,Oregon,93,14,Iona,77,0
2017,First Round (Round of 64),4,Purdue,80,13,Vermont,70,0
2017,First Round (Round of 64),5,Iowa State,84,12,Nevada,73,0
2017,First Round (Round of 64),11,Rhode Island,84,6,Creighton,72,0
2017,First Round (Round of 64),7,Michigan,92,10,Oklahoma State,91,0
2017,First Round (Round of 64),9,Michigan State,78,8,Miami (Fla.),58,0
2017,Second Round (Round of 32),8,Wisconsin,65,1,Villanova,62,0
2017,Second Round (Round of 32),7,South Carolina,88,2,Duke,81,0
2017,Second Round (Round of 32),3,Baylor,82,11,Southern California,78,0
2017,Second Round (Round of 32),4,Florida,65,5,Virginia,39,0
2017,Second Round (Round of 32),1,Gonzaga,79,8,Northwestern,73,0
2017,Second Round (Round of 32),2,Arizona,69,7,Saint Mary's,60,0
2017,Second Round (Round of 32),11,Xavier,91,3,Florida State,66,0
2017,Second Round (Round of 32),4,West Virginia,83,5,Notre Dame,71,0
2017,Second Round (Round of 32),1,North Carolina,72,8,Arkansas,65,0
2017,Second Round (Round of 32),2,Kentucky,65,10,Wichita State,62,0
2017,Second Round (Round of 32),3,UCLA,79,6,Cincinnati,67,0
2017,Second Round (Round of 32),4,Butler,74,12,Middle Tennessee,65,0
2017,Second Round (Round of 32),1,Kansas,90,9,Michigan State,70,0
2017,Second Round (Round of 32),7,Michigan,73,2,Louisville,69,0
2017,Second Round (Round of 32),3,Oregon,75,11,Rhode Island,72,0
2017,Second Round (Round of 32),4,Purdue,80,5,Iowa State,76,0
2017,Sweet 16,4,Florida,84,8,Wisconsin,83,1
2017,Sweet 16,7,South Carolina,70,3,Baylor,50,0
2017,Sweet 16,1,Gonzaga,61,4,West Virginia,58,0
2017,Sweet 16,11,Xavier,73,2,Arizona,71,0
2017,Sweet 16,1,North Carolina,92,4,Butler,80,0
2017,Sweet 16,2,Kentucky,86,3,UCLA,75,0
2017,Sweet 16,1,Kansas,98,4,Purdue,66,0
2017,Sweet 16,3,Oregon,69,7,Michigan,68,0
2017,Elite Eight,7,South Carolina,77,4,Florida,70,0
2017,Elite Eight,1,Gonzaga,83,11,Xavier,59,0
2017,Elite Eight,1,North Carolina,75,2,Kentucky,73,0
2017,Elite Eight,3,Oregon,74,1,Kansas,60,0
2017,"Final Four (Glendale, Arizona)",1,Gonzaga,77,7,South Carolina,73,0
2017,"Final Four (Glendale, Arizona)",1,North Carolina,77,3,Oregon,76,0
2017,National championship,1,North Carolina,71,1,Gonzaga,65,0
2018,First Four,16,Radford,71,16,LIU,61,0
2018,First Four,11,St. Bonaventure,65,11,UCLA,58,0
2018,First Four,16,Texas Southern,64,16,N.C. Central,46,0
2018,First Four,11,Syracuse,60,11,Arizona State,56,0
2018,First Round (Round of 64),1,Villanova,87,16,Radford,61,0
2018,First Round (Round of 64),2,Purdue,74,15,Cal State Fullerton,48,0
2018,First Round (Round of 64),3,Texas Tech,70,14,Stephen F. Austin,60,0
2018,First Round (Round of 64),13,Marshall,81,14,Wichita State,75,0
2018,First Round (Round of 64),5,West Virginia,85,12,Murray State,68,0
2018,First Round (Round of 64),6,Florida,77,11,St. Bonaventure,62,0
2018,First Round (Round of 64),10,Butler,79,7,Arkansas,62,0
2018,First Round (Round of 64),9,Alabama,86,8,Virginia Tech,83,0
2018,First Round (Round of 64),1,Xavier,102,16,Texas Southern,82,0
2018,First Round (Round of 64),2,North Carolina,84,15,Lipscomb,66,0
2018,First Round (Round of 64),3,Michigan,61,14,Montana,47,0
2018,First Round (Round of 64),4,Gonzaga,68,13,UNC Greensboro,64,0
2018,First Round (Round of 64),5,Ohio State,81,12,South Dakota State,73,0
2018,First Round (Round of 64),6,Houston,67,11,San Diego State,65,0
2018,First Round (Round of 64),7,Texas A&M,73,10,Providence,69,0
2018,First Round (Round of 64),9,Florida State,67,8,Missouri,54,0
2018,First Round (Round of 64),16,UMBC,74,1,Virginia,54,0
2018,First Round (Round of 64),2,Cincinnati,68,15,Georgia State,53,0
2018,First Round (Round of 64),3,Tennessee,73,14,Wright State,47,0
2018,First Round (Round of 64),13,Buffalo,89,4,Arizona,68,0
2018,First Round (Round of 64),5,Kentucky,78,12,Davidson,73,0
2018,First Round (Round of 64),11,Loyola Chicago,64,6,Miami (Fla.),62,0
2018,First Round (Round of 64),7,Nevada,87,10,Texas,83,1
2018,First Round (Round of 64),9,Kansas State,69,8,Creighton,59,0
2018,First Round (Round of 64),1,Kansas,76,16,Pennsylvania,60,0
2018,First Round (Round of 64),2,Duke,89,15,Iona,67,0
2018,First Round (Round of 64),3,Michigan State,82,14,Bucknell,78,0
2018,First Round (Round of 64),4,Auburn,62,13,College of Charleston,58,0
2018,First Round (Round of 64),5,Clemson,79,12,New Mexico State,68,0
2018,First Round (Round of 64),11,Syracuse,57,6,TCU,52,0
2018,First Round (Round of 64),7,Rhode Island,83,10,Oklahoma,78,1
2018,First Round (Round of 64),8,Seton Hall,94,9,NC State,83,0
2018,Second Round (Round of 32),1,Villanova,81,9,Alabama,58,0
2018,Second Round (Round of 32),2,Purdue,76,10,Butler,73,0
2018,Second Round (Round of 32),3,Texas Tech,69,6,Florida,66,0
2018,Second Round (Round of 32),5,West Virginia,94,13,Marshall,71,0
2018,Second Round (Round of 32),9,Florida State,75,1,Xavier,70,0
2018,Second Round (Round of 32),7,Texas A&M,86,2,North Carolina,65,0
2018,Second Round (Round of 32),3,Michigan,64,6,Houston,63,0
2018,Second Round (Round of 32),4,Gonzaga,90,5,Ohio State,84,0
2018,Second Round (Round of 32),9,Kansas State,50,16,UMBC,43,0
2018,Second Round (Round of 32),7,Nevada,75,2,Cincinnati,73,0
2018,Second Round (Round of 32),11,Loyola Chicago,63,3,Tennessee,62,0
2018,Second Round (Round of 32),5,Kentucky,95,13,Buffalo,75,0
2018,Second Round (Round of 32),1,Kansas,83,8,Seton Hall,79,0
2018,Second Round (Round of 32),2,Duke,87,7,Rhode Island,62,0
2018,Second Round (Round of 32),11,Syracuse,55,3,Michigan State,53,0
2018,Second Round (Round of 32),5,Clemson,84,4,Auburn,53,0
2018,Sweet 16,1,Villanova,90,5,West Virginia,78,0
2018,Sweet 16,3,Texas Tech,78,2,Purdue,65,0
2018,Sweet 16,9,Florida State,75,4,Gonzaga,60,0
2018,Sweet 16,3,Michigan,99,7,Texas A&M,72,0
2018,Sweet 16,9,Kansas State,61,5,Kentucky,58,0
2018,Sweet 16,11,Loyola Chicago,69,7,Nevada,68,0
2018,Sweet 16,1,Kansas,80,5,Clemson,76,0
2018,Sweet 16,2,Duke,69,11,Syracuse,65,0
2018,Elite Eight,1,Villanova,71,3,Texas Tech,59,0
2018,Elite Eight,3,Michigan,58,9,Florida State,54,0
2018,Elite Eight,11,Loyola Chicago,78,9,Kansas State,62,0
2018,Elite Eight,1,Kansas,85,2,Duke,81,1
2018,"Final Four (Houston, Texas)",1,Villanova,95,1,Kansas,79,0
2018,"Final Four (Houston, Texas)",3,Michigan,69,11,Loyola Chicago,57,0
2018,National championship,1,Villanova,79,3,Michigan,62,0
2019,First Four,16,North Dakota State,78,16,N.C. Central,74,0
2019,First Four,11,Belmont,81,11,Temple,70,0
2019,First Four,16,Fairleigh Dickinson,82,16,Prairie View A&M,76,0
2019,First Four,11,Arizona State,74,11,St. John's,65,0
2019,First Round (Round of 64),1,Duke,85,16,North Dakota State,62,0
2019,First Round (Round of 64),2,Michigan State,76,15,Bradley,65,0
2019,First Round (Round of 64),3,LSU,79,14,Yale,74,0
2019,First Round (Round of 64),4,Virginia Tech,66,13,Saint Louis,52,0
2019,First Round (Round of 64),12,Liberty,80,5,Mississippi State,76,0
2019,First Round (Round of 64),6,Maryland,79,11,Belmont,77,0
2019,First Round (Round of 64),10,Minnesota,86,7,Louisville,76,0
2019,First Round (Round of 64),9,UCF,73,8,VCU,58,0
2019,First Round (Round of 64),1,Gonzaga,87,16,Fairleigh Dickinson,49,0
2019,First Round (Round of 64),2,Michigan,74,15,Montana,55,0
2019,First Round (Round of 64),3,Texas Tech,72,14,Northern Kentucky,57,0
2019,First Round (Round of 64),4,Florida State,76,13,Vermont,69,0
2019,First Round (Round of 64),12,Murray State,83,5,Marquette,64,0
2019,First Round (Round of 64),6,Buffalo,91,11,Arizona State,74,0
2019,First Round (Round of 64),10,Florida,70,7,Nevada,61,0
2019,First Round (Round of 64),9,Baylor,78,8,Syracuse,69,0
2019,First Round (Round of 64),1,Virginia,71,16,Gardner-Webb,56,0
2019,First Round (Round of 64),2,Tennessee,77,15,Colgate,70,0
2019,First Round (Round of 64),3,Purdue,61,14,Old Dominion,48,0
2019,First Round (Round of 64),13,UC Irvine,70,4,Kansas State,64,0
2019,First Round (Round of 64),12,Oregon,72,5,Wisconsin,54,0
2019,First Round (Round of 64),6,Villanova,61,11,Saint Mary's,57,0
2019,First Round (Round of 64),10,Iowa,79,7,Temple,72,0
2019,First Round (Round of 64),9,Oklahoma,95,8,Ole Miss,72,0
2019,First Round (Round of 64),1,North Carolina,88,16,Iona,73,0
2019,First Round (Round of 64),2,Kentucky,79,15,Abilene Christian,44,0
2019,First Round (Round of 64),3,Houston,84,14,Georgia State,55,0
2019,First Round (Round of 64),4,Kansas,87,13,Northeastern,53,0
2019,First Round (Round of 64),5,Auburn,78,12,New Mexico State,77,0
2019,First Round (Round of 64),11,Ohio State,62,6,Iowa State,59,0
2019,First Round (Round of 64),7,Wofford,84,10,Seton Hall,68,0
2019,First Round (Round of 64),9,Washington,78,8,Utah State,61,0
2019,Second Round (Round of 32),1,Duke,77,9,UCF,76,0
2019,Second Round (Round of 32),2,Michigan State,70,10,Minnesota,50,0
2019,Second Round (Round of 32),3,LSU,69,6,Maryland,67,0
2019,Second Round (Round of 32),4,Virginia Tech,67,12,Liberty,58,0
2019,Second Round (Round of 32),1,Gonzaga,83,9,Baylor,71,0
2019,Second Round (Round of 32),2,Michigan,64,10,Florida,49,0
2019,Second Round (Round of 32),3,Texas Tech,78,6,Buffalo,58,0
2019,Second Round (Round of 32),4,Florida State,90,12,Murray State,62,0
2019,Second Round (Round of 32),1,Virginia,63,9,Oklahoma,51,0
2019,Second Round (Round of 32),2,Tennessee,83,10,Iowa,77,1
2019,Second Round (Round of 32),3,Purdue,87,6,Villanova,61,0
2019,Second Round (Round of 32),12,Oregon,73,13,UC Irvine,54,0
2019,Second Round (Round of 32),1,North Carolina,81,9,Washington,59,0
2019,Second Round (Round of 32),2,Kentucky,62,10,Wofford,56,0
2019,Second Round (Round of 32),3,Houston,74,11,Ohio State,59,0
2019,Second Round (Round of 32),5,Auburn,89,4,Kansas,75,0
2019,Sweet 16,1,Duke,75,4,Virginia Tech,73,0
2019,Sweet 16,2,Michigan State,80,3,LSU,63,0
2019,Sweet 16,1,Gonzaga,72,4,Florida State,58,0
2019,Sweet 16,3,Texas Tech,63,2,Michigan,44,0
2019,Sweet 16,1,Virginia,53,12,Oregon,49,0
2019,Sweet 16,3,Purdue,99,2,Tennessee,94,1
2019,Sweet 16,5,Auburn,97,1,North Carolina,80,0
2019,Sweet 16,2,Kentucky,62,3,Houston,58,0
2019,Elite Eight,2,Michigan State,68,1,Duke,67,0
2019,Elite Eight,3,Texas Tech,75,1,Gonzaga,69,0
2019,Elite Eight,1,Virginia,80,3,Purdue,75,1
2019,Elite Eight,5,Auburn,77,2,Kentucky,71,1
2019,"Final Four (Minneapolis, Minnesota)",1,Virginia,63,5,Auburn,62,0
2019,"Final Four (Minneapolis, Minnesota)",3,Texas Tech,61,2,Michigan State,51,0
2019,National championship,1,Virginia,85,3,Texas Tech,77,1
2021,First Four,16,Texas Southern,60,16,Mt. St. Mary's,52,0
2021,First Four,16,Norfolk St.,54,16,App. St.,53,0
2021,First Four,11,UCLA,86,11,Michigan St.,80,1
2021,First Four,11,Drake,53,11,Wichita State,52,0
2021,First Round (Round of 64),1,Illinois,78,16,Drexel,49,0
2021,First Round (Round of 64),8,Loyola Chicago,71,9,Georgia Tech,60,0
2021,First Round (Round of 64),12,Oregon St.,70,5,Tennessee,56,0
2021,First Round (Round of 64),4,Oklahoma St.,69,13,Liberty,60,0
2021,First Round (Round of 64),11,Syracuse,78,6,San Diego State,62,0
2021,First Round (Round of 64),3,West Virginia,84,14,Morehead,67,0
2021,First Round (Round of 64),10,Rutgers,60,7,Clemson,56,0
2021,First Round (Round of 64),2,Houston,87,15,Cleveland State,56,0
2021,First Round (Round of 64),1,Gonzaga,98,16,Norfolk State,55,0
2021,First Round (Round of 64),8,Oklahoma,72,9,Missouri,68,0
2021,First Round (Round of 64),5,Creighton,63,12,UCSB,62,0
2021,First Round (Round of 64),13,Ohio,62,4,Virginia,58,0
2021,First Round (Round of 64),6,USC,72,11,Drake,56,0
2021,First Round (Round of 64),3,Kansas,93,14,Eastern Washington,84,0
2021,First Round (Round of 64),2,Iowa,86,15,Grand Canyon,74,0
2021,First Round (Round of 64),1,Michigan,82,16,Texas Southern,66,0
2021,First Round (Round of 64),8,LSU,76,9,Bonaventure,61,0
2021,First Round (Round of 64),5,Colorado,96,12,Georgetown,73,0
2021,First Round (Round of 64),4,Florida State,64,13,UNC Greensboro,54,0
2021,First Round (Round of 64),11,UCLA,73,6,BYU,62,0
2021,First Round (Round of 64),14,Abilene Christian,53,3,Texas,52,0
2021,First Round (Round of 64),10,Maryland,63,7,UConn,54,0
2021,First Round (Round of 64),2,Alabama,68,15,Iona,55,0
2021,First Round (Round of 64),1,Baylor,79,16,Hartford,55,0
2021,First Round (Round of 64),9,Wisconsin,85,8,North Carolina,62,0
2021,First Round (Round of 64),5,Villanova,73,12,Winthrop,63,0
2021,First Round (Round of 64),13,North Texas,78,4,Purdue,69,1
2021,First Round (Round of 64),6,Texas Tech,65,11,Utah State,53,0
2021,First Round (Round of 64),3,Arkansas,85,14,Colgate,68,0
2021,First Round (Round of 64),7,Florida,75,10,Virginia Tech,70,1
2021,First Round (Round of 64),15,Oral Roberts,75,2,Ohio State,72,1
2021,Second Round (Round of 32),8,Loyola Chicago,71,1,Illinois,58,0
2021,Second Round (Round of 32),12,Oregon St.,80,4,Oklahoma State,70,0
2021,Second Round (Round of 32),11,Syracuse,75,3,West Virginia,72,0
2021,Second Round (Round of 32),2,Houston,63,10,Rutgers,60,0
2021,Second Round (Round of 32),1,Gonzaga,87,8,Oklahoma,71,0
2021,Second Round (Round of 32),5,Creighton,72,13,Ohio,58,0
2021,Second Round (Round of 32),6,USC,85,3,Kansas,51,0
2021,Second Round (Round of 32),7,Oregon,95,2,Iowa,80,0
2021,Second Round (Round of 32),1,Michigan,86,8,LSU,78,0
2021,Second Round (Round of 32),4,Florida State,71,5,Colorado,53,0
2021,Second Round (Round of 32),11,UCLA,67,14,Abilene Christian,47,0
2021,Second Round (Round of 32),2,Alabama,96,10,Maryland,77,0
2021,Second Round (Round of 32),1,Baylor,76,9,Wisconsin,63,0
2021,Second Round (Round of 32),5,Villanova,84,13,North Texas,61,0
2021,Second Round (Round of 32),3,Arkansas,68,6,Texas Tech,66,0
2021,Second Round (Round of 32),15,Oral Roberts,81,7,Florida,78,0
2021,Sweet 16,12,Oregon St.,65,8,Loyola Chicago,58,0
2021,Sweet 16,2,Houston,62,11,Syracuse,46,0
2021,Sweet 16,1,Gonzaga,83,5,Creighton,65,0
2021,Sweet 16,6,USC,82,7,Oregon,68,0
2021,Sweet 16,1,Michigan,76,4,Florida State,58,0
2021,Sweet 16,11,UCLA,88,2,Alabama,78,1
2021,Sweet 16,1,Baylor,62,5,Villanova,51,0
2021,Sweet 16,3,Arkansas,72,15,Oral Roberts,70,0
2021,Elite Eight,2,Houston,67,12,Oregon State,61,0
2021,Elite Eight,1,Gonzaga,85,6,USC,66,0
2021,Elite Eight,11,UCLA,51,1,Michigan,49,0
2021,Elite Eight,1,Baylor,81,3,Arkansas,72,0
2021,Final Four (New Orleans),1,Baylor,78,2,Houston,59,0
2021,Final Four (New Orleans),1,Gonzaga,93,11,UCLA,90,1
2021,National championship,1,Baylor,86,1,Gonzaga,70,0
2022,First Four,12,Indiana,66,12,Wyoming,58,0
2022,First Four,16,Wright State,93,16,Bryant,82,0
2022,First Four,11,Notre Dame,89,11,Rutgers,87,1
2022,First Four,16,Texas Southern,76,16,Tex. A&M CC,67,0
2022,First Round (Round of 64),1,Kansas,83,16,Texas Southern,56,0
2022,First Round (Round of 64),9,Creighton,72,8,San Diego St.,69,1
2022,First Round (Round of 64),12,Richmond,67,5,Iowa,63,0
2022,First Round (Round of 64),4,Providence,66,13,S. Dakota St.,57,0
2022,First Round (Round of 64),11,Iowa St.,59,6,LSU,54,0
2022,First Round (Round of 64),3,Wisconsin,67,14,Colgate,60,0
2022,First Round (Round of 64),10,Miami (FL),68,7,USC,66,0
2022,First Round (Round of 64),2,Auburn,80,15,Jacksonville St.,61,0
2022,First Round (Round of 64),1,Gonzaga,93,16,Georgia St.,72,0
2022,First Round (Round of 64),9,Memphis,64,8,Boise St.,53,0
2022,First Round (Round of 64),12,New Mexico St.,70,5,UConn,63,0
2022,First Round (Round of 64),4,Arkansas,75,13,Vermont,71,0
2022,First Round (Round of 64),11,Notre Dame,78,6,Alabama,64,0
2022,First Round (Round of 64),3,Texas Tech,97,14,Montana St.,62,0
2022,First Round (Round of 64),7,Michigan St.,74,10,Davidson,73,0
2022,First Round (Round of 64),2,Duke,78,15,Cal St. Fullerton,61,0
2022,First Round (Round of 64),1,Baylor,85,16,Norfolk St.,49,0
2022,First Round (Round of 64),8,North Carolina,95,9,Marquette,63,0
2022,First Round (Round of 64),5,Saint Mary’s,82,12,Indiana,53,0
2022,First Round (Round of 64),4,UCLA,57,13,Akron,53,0
2022,First Round (Round of 64),6,Texas,81,11,Virginia Tech,73,0
2022,First Round (Round of 64),3,Purdue,78,14,Yale,56,0
2022,First Round (Round of 64),7,Murray St.,92,10,San Francisco,87,1
2022,First Round (Round of 64),15,St. Peter’s,85,2,Kentucky, 79,1
2022,First Round (Round of 64),1,Arizona,87,16,Wright St.,70,0
2022,First Round (Round of 64),9,TCU,69,8,Seton Hall,42,0
2022,First Round (Round of 64),5,Houston,82,12,UAB,68,0
2022,First Round (Round of 64),4,Illinois,54,13,Chattanooga,53,0
2022,First Round (Round of 64),11,Michigan,75,6,Colorado St.,63,0
2022,First Round (Round of 64),3,Tennessee,88,14,Longwood,56,0
2022,First Round (Round of 64),7,Ohio St.,54,10,Loyola Chicago,41,0
2022,First Round (Round of 64),2,Villanova,80,15,Delaware,60,0
2022,Second Round (Round of 32),1,Kansas,79,9,Creighton,71,0
2022,Second Round (Round of 32),4,Providence,79,12,Richmond,51,0
2022,Second Round (Round of 32),11,Iowa St.,54,3,Wisconsin,49,0
2022,Second Round (Round of 32),10,Miami (FL),79,2,Auburn,61,0
2022,Second Round (Round of 32),1,Gonzaga,82,9,Memphis,78,0
2022,Second Round (Round of 32),4,Arkansas,53,12,NM St.,48,0
2022,Second Round (Round of 32),3,Texas Tech,59,11,Notre Dame,53,0
2022,Second Round (Round of 32),2,Duke,85,7,Michigan St.,76,0
2022,Second Round (Round of 32),8,North Carolina,93,1,Baylor,86,1
2022,Second Round (Round of 32),4,UCLA,72,5,Saint Mary’s,56,0
2022,Second Round (Round of 32),3,Purdue,81,6,Texas,71,0
2022,Second Round (Round of 32),15,St. Peter’s,70,7,Murray St.,60,0
2022,Second Round (Round of 32),1,Arizona,85,9,TCU,80,1
2022,Second Round (Round of 32),5,Houston,68,4,Illinois,53,0
2022,Second Round (Round of 32),11,Michigan,76,3,Tennessee,68,0
2022,Second Round (Round of 32),2,Villanova,71,7,Ohio St.,61,0
2022,Sweet 16,1,Kansas,66,4,Providence,61,0
2022,Sweet 16,10,Miami (FL),70,11,Iowa St.,56,0
2022,Sweet 16,4,Arkansas,74,1,Gonzaga,68,0
2022,Sweet 16,2,Duke,78,3,Texas Tech,73,0
2022,Sweet 16,8,North Carolina,73,4,UCLA,66,0
2022,Sweet 16,15,St. Peter’s,67,3,Purdue,64,0
2022,Sweet 16,5,Houston,72,1,Arizona,60,0
2022,Sweet 16,2,Villanova,63,11,Michigan,55,0
2022,Elite Eight,1,Kansas,76,10,Miami (FL),50,0
2022,Elite Eight,2,Duke,78,4,Arkansas,69,0
2022,Elite Eight,8,North Carolina,69,15,St. Peter’s,49,0
2022,Elite Eight,2,Villanova,50,5,Houston,44,0
2022,Final Four (New Orleans),8,N. Carolina,81,2,Duke,77,0
2022,Final Four (New Orleans),1,Kansas,81,2,Villanova,65,0
2022,National championship,1,Kansas,72,8,N. Carolina,69,0
2023,First Four,16,FDU,84,16,Texas Southern,61,0
2023,First Four,11,Arizona St.,98,11,Nevada,73,0
2023,First Four,16,Texas A&M - CC,75,16,SE Missouri St.,71,0
2023,First Four,11,Pittsburgh,60,11,Mississippi St.,59,0
2023,First Round (Round of 64),1,Houston,63,16,North Kentucky,52,0
2023,First Round (Round of 64),9,Auburn,83,8,Iowa,75,0
2023,First Round (Round of 64),5,Miami (FL),63,12,Drake,56,0
2023,First Round (Round of 64),4,Indiana,71,13,Kent St.,60,0
2023,First Round (Round of 64),11,Pitt,59,6,Iowa St.,41,0
2023,First Round (Round of 64),3,Xavier,72,14,Kennesaw St.,67,0
2023,First Round (Round of 64),10,Penn St.,76,7,Texas A&M,59,0
2023,First Round (Round of 64),2,Texas,81,15,Colgate,61,0
2023,First Round (Round of 64),1,Kansas,96,16,Howard,68,0
2023,First Round (Round of 64),8,Arkansas,73,9,Illinois,63,0
2023,First Round (Round of 64),5,St. Mary’s,63,12,VCU,51,0
2023,First Round (Round of 64),4,UConn,87,13,Iona,63,0
2023,First Round (Round of 64),6,TCU,72,11,Arizona St.,70,0
2023,First Round (Round of 64),3,Gonzaga,82,14,Grand Canyon,70,0
2023,First Round (Round of 64),7,Northwestern,75,10,Boise St.,67,0
2023,First Round (Round of 64),2,UCLA,86,15,UNC Asheville,53,0
2023,First Round (Round of 64),16,FDU,63,1,Purdue,58,0
2023,First Round (Round of 64),9,FAU,66,8,Memphis,65,0
2023,First Round (Round of 64),5,Duke,74,12,Oral Roberts,51,0
2023,First Round (Round of 64),4,Tennessee,58,13,Louisiana,55,0
2023,First Round (Round of 64),6,Kentucky,61,11,Providence,53,0
2023,First Round (Round of 64),3,Kansas St.,77,14,Montana St.,65,0
2023,First Round (Round of 64),7,Michigan St.,72,10,USC,62,0
2023,First Round (Round of 64),2,Marquette,78,15,Vermont,61,0
2023,First Round (Round of 64),1,Alabama,96,16,Texas A&M-CC,75,0
2023,First Round (Round of 64),8,Maryland,67,9,West Virginia,65,0
2023,First Round (Round of 64),5,San Diego St.,63,12,Col of Charleston,57,0
2023,First Round (Round of 64),13,Furman,68,4,Virginia,67,0
2023,First Round (Round of 64),6,Creighton,72,11,NC State,63,0
2023,First Round (Round of 64),3,Baylor,74,14,UCSB,56,0
2023,First Round (Round of 64),7,Missouri,76,10,Utah St.,65,0
2023,First Round (Round of 64),15,Princeton,59,2,Arizona,55,0
2023,Second Round (Round of 32),1,Houston,81,9,Auburn,64,0
2023,Second Round (Round of 32),5,Miami (FL),85,4,Indiana,69,0
2023,Second Round (Round of 32),3,Xavier,84,11,Pittsburgh,73,0
2023,Second Round (Round of 32),2,Texas,71,10,Penn St.,66,0
2023,Second Round (Round of 32),8,Arkansas,72,1,Kansas,71,0
2023,Second Round (Round of 32),4,UConn,70,5,Saint Mary’s,55,0
2023,Second Round (Round of 32),3,Gonzaga,84,6,TCU,81,0
2023,Second Round (Round of 32),2,UCLA,68,7,Northwestern,63,0
2023,Second Round (Round of 32),9,FAU,78,16,FDU,70,0
2023,Second Round (Round of 32),4,Tennessee,65,5,Duke,52,0
2023,Second Round (Round of 32),3,Kansas St.,75,6,Kentucky,69,0
2023,Second Round (Round of 32),7,Michigan St.,69,2,Marquette,60,0
2023,Second Round (Round of 32),1,Alabama,73,8,Maryland,51,0
2023,Second Round (Round of 32),5,San Diego St.,75,13,Furman,52,0
2023,Second Round (Round of 32),6,Creighton,85,3,Baylor,76,0
2023,Second Round (Round of 32),15,Princeton,78,7,Missouri,63,0
2023,Sweet 16,5,Miami (FL),89,1,Houston,75,0
2023,Sweet 16,2,Texas,83,3,Xavier,71,0
2023,Sweet 16,4,UConn,88,6,Arkansas,65,0
2023,Sweet 16,3,Gonzaga,79,2,UCLA,76,0
2023,Sweet 16,9,FAU,62,4,Tennessee,55,0
2023,Sweet 16,3,Kansas St.,98,7,Michigan St.,93,0
2023,Sweet 16,5,San Diego St.,71,1,Alabama,64,0
2023,Sweet 16,6,Creighton,86,15,Princeton,75,0
2023,Elite Eight,5,Miami (FL),88,2,Texas,81,0
2023,Elite Eight,4,UConn,82,3,Gonzaga,54,0
2023,Elite Eight,9,FAU,79,3,Kansas St.,76,0
2023,Elite Eight,5,San Diego St.,57,6,Creighton,56,0
2023,Final Four,5,San Diego St.,72,9,FAU,71,0
2023,Final Four,4,UConn,72,5,Miami (FL),59,0
2023,National championship,4,UConn,76,5,San Diego St.,59,0
2024,First Four,16,Wagner,71,16,Howard,68,0
2024,First Four,10,Colorado State,67,10,West Virginia,42,0
2024,First Four,16,Grambling State,88,16,Montana St.,81,1
2024,First Four,10,Colorado,60,10,Boise St.,53,0
2024,First Round (Round of 64),1,UConn,91,16,Stetson,52,0
2024,First Round (Round of 64),9,Northwestern,77,8,Florida Atlantic,65,1
2024,First Round (Round of 64),5,San Diego State,69,12,UAB,65,0
2024,First Round (Round of 64),13,Yale,78,4,Auburn,76,0
2024,First Round (Round of 64),11,Duquesne,71,6,BYU,67,0
2024,First Round (Round of 64),3,Illinois,85,14,Morehead State,69,0
2024,First Round (Round of 64),7,Washington State,66,10,Drake,61,0
2024,First Round (Round of 64),2,Iowa State,82,15,South Dakota State,65,0
2024,First Round (Round of 64),1,North Carolina,90,16,Wagner,62,0
2024,First Round (Round of 64),9,Michigan State,69,8,Mississippi State,51,0
2024,First Round (Round of 64),12,Grand Canyon,75,5,Saint Mary's,66,0
2024,First Round (Round of 64),4,Alabama,109,13,Charleston,96,0
2024,First Round (Round of 64),6,Clemson,77,11,New Mexico,56,0
2024,First Round (Round of 64),3,Baylor,92,14,Colgate,67,0
2024,First Round (Round of 64),7,Dayton,63,10,Nevada,60,0
2024,First Round (Round of 64),2,Arizona,85,15,Long Beach State,65,0
2024,First Round (Round of 64),1,Houston,86,16,Longwood,46,0
2024,First Round (Round of 64),9,Texas A&M,98,8,Nebraska,83,0
2024,First Round (Round of 64),12,James Madison,72,5,Wisconsin,61,0
2024,First Round (Round of 64),4,Duke,64,13,Vermont,47,0
2024,First Round (Round of 64),11,NC State,80,6,Texas Tech,67,0
2024,First Round (Round of 64),14,Oakland,80,3,Kentucky,76,0
2024,First Round (Round of 64),10,Colorado,102,7,Florida,100,0
2024,First Round (Round of 64),2,Marquette,87,15,Western Kentucky,69,0
2024,First Round (Round of 64),1,Purdue,78,16,Grambling State,50,0
2024,First Round (Round of 64),8,Utah State,88,9,TCU,72,0
2024,First Round (Round of 64),5,Gonzaga,86,12,McNeese,65,0
2024,First Round (Round of 64),4,Kansas,93,13,Samford,89,0
2024,First Round (Round of 64),11,Oregon,87,6,South Carolina,73,0
2024,First Round (Round of 64),3,Creighton,77,14,Akron,60,0
2024,First Round (Round of 64),7,Texas,56,10,Colorado State,44,0
2024,First Round (Round of 64),2,Tennessee,83,15,Saint Peter's,49,0
2024,Second Round (Round of 32),1,UConn,75,9,Northwestern,58,0
2024,Second Round (Round of 32),5,San Diego State,85,13,Yale,57,0
2024,Second Round (Round of 32),3,Illinois,89,11,Duquesne,63,0
2024,Second Round (Round of 32),2,Iowa State,67,7,Washington State,56,0
2024,Second Round (Round of 32),1,North Carolina,85,9,Michigan State,69,0
2024,Second Round (Round of 32),4,Alabama,72,12,Grand Canyon,61,0
2024,Second Round (Round of 32),6,Clemson,72,3,Baylor,64,0
2024,Second Round (Round of 32),2,Arizona,78,7,Dayton,68,0
2024,Second Round (Round of 32),1,Houston,100,9,Texas A&M,95,1
2024,Second Round (Round of 32),4,Duke,93,12,James Madison,55,0
2024,Second Round (Round of 32),11,NC State,79,14,Oakland,73,1
2024,Second Round (Round of 32),2,Marquette,81,10,Colorado,77,0
2024,Second Round (Round of 32),1,Purdue,106,8,Utah State,67,0
2024,Second Round (Round of 32),5,Gonzaga,89,4,Kansas,68,0
2024,Second Round (Round of 32),3,Creighton,86,11,Oregon,73,1
2024,Second Round (Round of 32),2,Tennessee,62,7,Texas,58,0
2024,Sweet 16,1,UConn,82,5,San Diego State,52,0
2024,Sweet 16,3,Illinois,72,2,Iowa State,69,0
2024,Sweet 16,4,Alabama,89,1,North Carolina,87,0
2024,Sweet 16,6,Clemson,77,2,Arizona,72,0
2024,Sweet 16,4,Duke,54,1,Houston,51,0
2024,Sweet 16,11,NC State,67,2,Marquette,58,0
2024,Sweet 16,1,Purdue,80,5,Gonzaga,68,0
2024,Sweet 16,2,Tennessee,82,3,Creighton,75,0
2024,Elite Eight,1,UConn,77,3,Illinois,52,0
2024,Elite Eight,4,Alabama,89,6,Clemson,82,0
2024,Elite Eight,11,NC State,76,4,Duke,64,0
2024,Elite Eight,1,Purdue,72,2,Tennessee,66,0
2024,Final Four,1,UConn,86,4,Alabama,72,0
2024,Final Four,1,Purdue,63,11,NC State,50,0
2024,National championship,1,UConn,75,1,Purdue,60,0
2025,First Four,16,Alabama State,70,16,Saint Francis,68,0
2025,First Four,11,North Carolina,95,11,San Diego State,68,0
2025,First Four,16,Mount St. Mary's,83,16,American,72,0
2025,First Four,11,Xavier,86,11,Texas,80,0
2025,First Round (Round of 64),9,Creighton,89,8,Louisville,75,0
2025,First Round (Round of 64),4,Purdue,75,13,High Point,63,0
2025,First Round (Round of 64),3,Wisconsin,85,14,Montana,66,0
2025,First Round (Round of 64),1,Houston,78,16,SIU Edwardsville,40,0
2025,First Round (Round of 64),1,Auburn,83,16,Alabama State,63,0
2025,First Round (Round of 64),12,McNeese,69,5,Clemson,67,0
2025,First Round (Round of 64),6,BYU,80,11,VCU,71,0
2025,First Round (Round of 64),8,Gonzaga,89,9,Georgia,68,0
2025,First Round (Round of 64),2,Tennessee,77,15,Wofford,62,0
2025,First Round (Round of 64),10,Arkansas,79,7,Kansas,72,0
2025,First Round (Round of 64),4,Texas A&M,80,13,Yale,71,0
2025,First Round (Round of 64),11,Drake,67,6,Missouri,57,0
2025,First Round (Round of 64),7,UCLA,72,10,Utah State,47,0
2025,First Round (Round of 64),2,St. John's,83,15,Omaha,53,0
2025,First Round (Round of 64),5,Michigan,68,12,UC San Diego,65,0
2025,First Round (Round of 64),3,Texas Tech,82,14,UNC Wilmington,72,0
2025,First Round (Round of 64),9,Baylor,75,8,Mississippi State,72,0
2025,First Round (Round of 64),2,Alabama,90,15,Robert Morris,81,0
2025,First Round (Round of 64),3,Iowa State,82,14,Lipscomb,55,0
2025,First Round (Round of 64),12,Colorado State,78,5,Memphis,70,0
2025,First Round (Round of 64),1,Duke,93,16,Mount St. Mary's,49,0
2025,First Round (Round of 64),7,Saint Mary's,59,10,Vanderbilt,56,0
2025,First Round (Round of 64),6,Ole Miss,71,11,North Carolina,64,0
2025,First Round (Round of 64),4,Maryland,81,13,Grand Canyon,49,0
2025,First Round (Round of 64),1,Florida,95,16,Norfolk State,69,0
2025,First Round (Round of 64),3,Kentucky,76,14,Troy,57,0
2025,First Round (Round of 64),10,New Mexico,75,7,Marquette,66,0
2025,First Round (Round of 64),4,Arizona,93,13,Akron,65,0
2025,First Round (Round of 64),8,UConn,67,9,Oklahoma,59,0
2025,First Round (Round of 64),6,Illinois,86,11,Xavier,73,0
2025,First Round (Round of 64),2,Michigan State,87,15,Bryant,62,0
2025,First Round (Round of 64),5,Oregon,81,12,Liberty,52,0
2025,Second Round (Round of 32),4,Purdue,76,12,McNeese,62,0
2025,Second Round (Round of 32),10,Arkansas,75,2,St. John's,66,0
2025,Second Round (Round of 32),5,Michigan,91,4,Texas A&M,79,0
2025,Second Round (Round of 32),3,Texas Tech,77,11,Drake,64,0
2025,Second Round (Round of 32),1,Auburn,82,9,Creighton,70,0
2025,Second Round (Round of 32),6,BYU,91,3,Wisconsin,89,0
2025,Second Round (Round of 32),1,Houston,81,8,Gonzaga,76,0
2025,Second Round (Round of 32),2,Tennessee,67,7,UCLA,58,0
2025,Second Round (Round of 32),1,Florida,77,8,UConn,75,0
2025,Second Round (Round of 32),1,Duke,89,9,Baylor,66,0
2025,Second Round (Round of 32),3,Kentucky,84,6,Illinois,75,0
2025,Second Round (Round of 32),2,Alabama,80,7,Saint Mary's,66,0
2025,Second Round (Round of 32),4,Maryland,72,12,Colorado State,71,0
2025,Second Round (Round of 32),6,Ole Miss,91,3,Iowa State,78,0
2025,Second Round (Round of 32),2,Michigan State,71,10,New Mexico,63,0
2025,Second Round (Round of 32),4,Arizona,87,5,Oregon,83,0
2025,Sweet 16,2,Alabama,113,6,BYU,88,0
2025,Sweet 16,1,Florida,87,4,Maryland,71,0
2025,Sweet 16,1,Duke,100,4,Arizona,93,0
2025,Sweet 16,3,Texas Tech,85,10,Arkansas,83,1
2025,Sweet 16,2,Michigan State,73,6,Ole Miss,70,0
2025,Sweet 16,2,Tennessee,78,3,Kentucky,65,0
2025,Sweet 16,1,Auburn,78,5,Michigan,65,0
2025,Sweet 16,1,Houston,62,4,Purdue,60,0
2025,Elite Eight,1,Florida,84,3,Texas Tech,79,0
2025,Elite Eight,1,Duke,85,2,Alabama,65,0
2025,Elite Eight,1,Houston,69,2,Tennessee,50,0
2025,Elite Eight,1,Auburn,70,2,Michigan State,64,0
2025,Final Four,1,Florida,79,1,Auburn,73,0
2025,Final Four,1,Houston,70,1,Duke,67,0
2025,National championship,1,Florida,65,1,Houston,63,0
